transaction_id,customer_id,product_id,transaction_date,amount,currency,status
TXN-10001,CUST-0001,PROD-02,2026-02-20,299.0,USD,Settled
TXN-10002,CUST-0001,PROD-02,2026-03-22,299.0,USD,Settled
TXN-10003,CUST-0001,PROD-02,2026-04-21,299.0,USD,Settled
TXN-10004,CUST-0001,PROD-02,2026-05-21,299.0,USD,Settled
TXN-10005,CUST-0001,PROD-02,2026-06-20,299.0,USD,Settled
TXN-10006,CUST-0001,PROD-02,2026-07-20,299.0,USD,Settled
TXN-10007,CUST-0002,PROD-02,2025-10-29,299.0,USD,Settled
TXN-10008,CUST-0002,PROD-02,2025-11-28,299.0,USD,Settled
TXN-10009,CUST-0002,PROD-02,2025-12-28,299.0,USD,Settled
TXN-10010,CUST-0002,PROD-02,2026-01-27,299.0,USD,Settled
TXN-10011,CUST-0002,PROD-02,2026-02-26,299.0,USD,Settled
TXN-10012,CUST-0002,PROD-02,2026-03-28,299.0,USD,Refunded
TXN-10013,CUST-0002,PROD-02,2026-04-27,299.0,USD,Settled
TXN-10014,CUST-0002,PROD-02,2026-05-27,299.0,USD,Settled
TXN-10015,CUST-0002,PROD-02,2026-06-26,239.2,USD,Settled
TXN-10016,CUST-0002,PROD-02,2026-07-26,269.1,USD,Settled
TXN-10017,CUST-0003,PROD-01,2025-08-24,99.0,USD,Settled
TXN-10018,CUST-0003,PROD-01,2025-09-23,89.1,USD,Settled
TXN-10019,CUST-0003,PROD-01,2025-10-23,99.0,USD,Settled
TXN-10020,CUST-0003,PROD-01,2025-11-22,99.0,USD,Settled
TXN-10021,CUST-0003,PROD-01,2025-12-22,99.0,USD,Settled
TXN-10022,CUST-0003,PROD-01,2026-01-21,99.0,USD,Settled
TXN-10023,CUST-0003,PROD-01,2026-02-20,99.0,USD,Settled
TXN-10024,CUST-0003,PROD-01,2026-03-22,99.0,USD,Settled
TXN-10025,CUST-0003,PROD-01,2026-04-21,99.0,USD,Settled
TXN-10026,CUST-0003,PROD-01,2026-05-21,99.0,USD,Settled
TXN-10027,CUST-0003,PROD-01,2026-06-20,99.0,USD,Settled
TXN-10028,CUST-0003,PROD-01,2026-07-20,99.0,USD,Settled
TXN-10029,CUST-0004,PROD-02,2025-06-18,299.0,USD,Settled
TXN-10030,CUST-0004,PROD-02,2025-07-18,299.0,USD,Settled
TXN-10031,CUST-0004,PROD-02,2025-08-17,299.0,USD,Settled
TXN-10032,CUST-0004,PROD-02,2025-09-16,299.0,USD,Settled
TXN-10033,CUST-0004,PROD-02,2025-10-16,299.0,USD,Settled
TXN-10034,CUST-0004,PROD-02,2025-11-15,299.0,USD,Settled
TXN-10035,CUST-0004,PROD-02,2025-12-15,299.0,USD,Settled
TXN-10036,CUST-0004,PROD-02,2026-01-14,299.0,USD,Settled
TXN-10037,CUST-0004,PROD-02,2026-02-13,299.0,USD,Settled
TXN-10038,CUST-0004,PROD-02,2026-03-15,299.0,USD,Settled
TXN-10039,CUST-0004,PROD-02,2026-04-14,299.0,USD,Settled
TXN-10040,CUST-0004,PROD-02,2026-05-14,299.0,USD,Settled
TXN-10041,CUST-0005,PROD-02,2026-03-09,299.0,USD,Failed
TXN-10042,CUST-0005,PROD-02,2026-04-08,299.0,USD,Settled
TXN-10043,CUST-0005,PROD-02,2026-05-08,299.0,USD,Refunded
TXN-10044,CUST-0005,PROD-02,2026-06-07,299.0,USD,Settled
TXN-10045,CUST-0005,PROD-02,2026-07-07,299.0,USD,Settled
TXN-10046,CUST-0006,PROD-01,2024-11-25,99.0,USD,Settled
TXN-10047,CUST-0006,PROD-01,2024-12-25,99.0,USD,Settled
TXN-10048,CUST-0006,PROD-01,2025-01-24,89.1,USD,Refunded
TXN-10049,CUST-0006,PROD-01,2025-02-23,99.0,USD,Settled
TXN-10050,CUST-0006,PROD-01,2025-03-25,79.2,USD,Settled
TXN-10051,CUST-0006,PROD-01,2025-04-24,99.0,USD,Settled
TXN-10052,CUST-0006,PROD-01,2025-05-24,99.0,USD,Settled
TXN-10053,CUST-0006,PROD-01,2025-06-23,99.0,USD,Settled
TXN-10054,CUST-0006,PROD-01,2025-07-23,99.0,USD,Settled
TXN-10055,CUST-0006,PROD-01,2025-08-22,99.0,USD,Settled
TXN-10056,CUST-0006,PROD-01,2025-09-21,89.1,USD,Settled
TXN-10057,CUST-0006,PROD-01,2025-10-21,79.2,USD,Settled
TXN-10058,CUST-0006,PROD-01,2025-11-20,99.0,USD,Settled
TXN-10059,CUST-0006,PROD-01,2025-12-20,79.2,USD,Settled
TXN-10060,CUST-0006,PROD-01,2026-01-19,99.0,USD,Settled
TXN-10061,CUST-0006,PROD-01,2026-02-18,99.0,USD,Settled
TXN-10062,CUST-0006,PROD-01,2026-03-20,89.1,USD,Settled
TXN-10063,CUST-0006,PROD-01,2026-04-19,99.0,USD,Settled
TXN-10064,CUST-0006,PROD-01,2026-05-19,99.0,USD,Settled
TXN-10065,CUST-0006,PROD-01,2026-06-18,99.0,USD,Settled
TXN-10066,CUST-0006,PROD-01,2026-07-18,99.0,USD,Settled
TXN-10067,CUST-0007,PROD-01,2024-10-08,99.0,USD,Settled
TXN-10068,CUST-0007,PROD-01,2024-11-07,99.0,USD,Settled
TXN-10069,CUST-0007,PROD-01,2024-12-07,99.0,USD,Settled
TXN-10070,CUST-0007,PROD-01,2025-01-06,99.0,USD,Settled
TXN-10071,CUST-0007,PROD-01,2025-02-05,99.0,USD,Settled
TXN-10072,CUST-0007,PROD-01,2025-03-07,99.0,USD,Settled
TXN-10073,CUST-0007,PROD-01,2025-04-06,99.0,USD,Settled
TXN-10074,CUST-0007,PROD-01,2025-05-06,99.0,USD,Settled
TXN-10075,CUST-0007,PROD-01,2025-06-05,99.0,USD,Settled
TXN-10076,CUST-0007,PROD-01,2025-07-05,99.0,USD,Settled
TXN-10077,CUST-0007,PROD-01,2025-08-04,99.0,USD,Settled
TXN-10078,CUST-0007,PROD-01,2025-09-03,79.2,USD,Settled
TXN-10079,CUST-0007,PROD-01,2025-10-03,99.0,USD,Settled
TXN-10080,CUST-0007,PROD-01,2025-11-02,99.0,USD,Settled
TXN-10081,CUST-0007,PROD-01,2025-12-02,99.0,USD,Refunded
TXN-10082,CUST-0007,PROD-01,2026-01-01,99.0,USD,Settled
TXN-10083,CUST-0007,PROD-01,2026-01-31,99.0,USD,Settled
TXN-10084,CUST-0007,PROD-01,2026-03-02,99.0,USD,Settled
TXN-10085,CUST-0007,PROD-01,2026-04-01,99.0,USD,Refunded
TXN-10086,CUST-0007,PROD-01,2026-05-01,89.1,USD,Settled
TXN-10087,CUST-0007,PROD-01,2026-05-31,99.0,USD,Settled
TXN-10088,CUST-0007,PROD-01,2026-06-30,99.0,USD,Settled
TXN-10089,CUST-0008,PROD-02,2025-02-18,299.0,USD,Settled
TXN-10090,CUST-0008,PROD-02,2025-03-20,299.0,USD,Settled
TXN-10091,CUST-0008,PROD-02,2025-04-19,299.0,USD,Settled
TXN-10092,CUST-0008,PROD-02,2025-05-19,239.2,USD,Settled
TXN-10093,CUST-0008,PROD-02,2025-06-18,299.0,USD,Settled
TXN-10094,CUST-0008,PROD-02,2025-07-18,299.0,USD,Settled
TXN-10095,CUST-0008,PROD-02,2025-08-17,299.0,USD,Settled
TXN-10096,CUST-0008,PROD-02,2025-09-16,299.0,USD,Settled
TXN-10097,CUST-0008,PROD-02,2025-10-16,299.0,USD,Settled
TXN-10098,CUST-0008,PROD-02,2025-11-15,299.0,USD,Settled
TXN-10099,CUST-0008,PROD-02,2025-12-15,269.1,USD,Settled
TXN-10100,CUST-0008,PROD-02,2026-01-14,299.0,USD,Settled
TXN-10101,CUST-0008,PROD-02,2026-02-13,299.0,USD,Settled
TXN-10102,CUST-0008,PROD-02,2026-03-15,269.1,USD,Settled
TXN-10103,CUST-0008,PROD-02,2026-04-14,299.0,USD,Settled
TXN-10104,CUST-0008,PROD-02,2026-05-14,299.0,USD,Settled
TXN-10105,CUST-0008,PROD-02,2026-06-13,299.0,USD,Refunded
TXN-10106,CUST-0008,PROD-02,2026-07-13,299.0,USD,Settled
TXN-10107,CUST-0009,PROD-01,2026-07-14,99.0,USD,Settled
TXN-10108,CUST-0010,PROD-02,2026-06-15,299.0,USD,Refunded
TXN-10109,CUST-0010,PROD-02,2026-07-15,299.0,USD,Refunded
TXN-10110,CUST-0011,PROD-02,2025-12-23,299.0,USD,Settled
TXN-10111,CUST-0011,PROD-02,2026-01-22,299.0,USD,Settled
TXN-10112,CUST-0011,PROD-02,2026-02-21,269.1,USD,Settled
TXN-10113,CUST-0011,PROD-02,2026-03-23,299.0,USD,Settled
TXN-10114,CUST-0011,PROD-02,2026-04-22,299.0,USD,Settled
TXN-10115,CUST-0011,PROD-02,2026-05-22,269.1,USD,Settled
TXN-10116,CUST-0011,PROD-02,2026-06-21,299.0,USD,Refunded
TXN-10117,CUST-0011,PROD-02,2026-07-21,299.0,USD,Settled
TXN-10118,CUST-0012,PROD-02,2026-06-01,299.0,USD,Refunded
TXN-10119,CUST-0012,PROD-02,2026-07-01,299.0,USD,Failed
TXN-10120,CUST-0013,PROD-01,2024-12-01,99.0,USD,Settled
TXN-10121,CUST-0013,PROD-01,2024-12-31,99.0,USD,Settled
TXN-10122,CUST-0013,PROD-01,2025-01-30,99.0,USD,Settled
TXN-10123,CUST-0013,PROD-01,2025-03-01,89.1,USD,Settled
TXN-10124,CUST-0013,PROD-01,2025-03-31,99.0,USD,Refunded
TXN-10125,CUST-0013,PROD-01,2025-04-30,99.0,USD,Settled
TXN-10126,CUST-0013,PROD-01,2025-05-30,99.0,USD,Settled
TXN-10127,CUST-0013,PROD-01,2025-06-29,89.1,USD,Settled
TXN-10128,CUST-0013,PROD-01,2025-07-29,89.1,USD,Settled
TXN-10129,CUST-0013,PROD-01,2025-08-28,99.0,USD,Settled
TXN-10130,CUST-0013,PROD-01,2025-09-27,79.2,USD,Settled
TXN-10131,CUST-0013,PROD-01,2025-10-27,99.0,USD,Settled
TXN-10132,CUST-0013,PROD-01,2025-11-26,89.1,USD,Settled
TXN-10133,CUST-0013,PROD-01,2025-12-26,99.0,USD,Settled
TXN-10134,CUST-0013,PROD-01,2026-01-25,99.0,USD,Settled
TXN-10135,CUST-0013,PROD-01,2026-02-24,99.0,USD,Settled
TXN-10136,CUST-0013,PROD-01,2026-03-26,99.0,USD,Settled
TXN-10137,CUST-0013,PROD-01,2026-04-25,99.0,USD,Settled
TXN-10138,CUST-0013,PROD-01,2026-05-25,99.0,USD,Settled
TXN-10139,CUST-0013,PROD-01,2026-06-24,99.0,USD,Settled
TXN-10140,CUST-0013,PROD-01,2026-07-24,99.0,USD,Settled
TXN-10141,CUST-0014,PROD-03,2025-11-13,999.0,USD,Settled
TXN-10142,CUST-0014,PROD-03,2025-12-13,999.0,USD,Settled
TXN-10143,CUST-0014,PROD-03,2026-01-12,999.0,USD,Settled
TXN-10144,CUST-0014,PROD-03,2026-02-11,999.0,USD,Settled
TXN-10145,CUST-0014,PROD-03,2026-03-13,999.0,USD,Settled
TXN-10146,CUST-0014,PROD-03,2026-04-12,999.0,USD,Settled
TXN-10147,CUST-0014,PROD-03,2026-05-12,999.0,USD,Settled
TXN-10148,CUST-0014,PROD-03,2026-06-11,999.0,USD,Settled
TXN-10149,CUST-0014,PROD-03,2026-07-11,899.1,USD,Settled
TXN-10150,CUST-0015,PROD-01,2025-02-22,99.0,USD,Settled
TXN-10151,CUST-0015,PROD-01,2025-03-24,99.0,USD,Settled
TXN-10152,CUST-0015,PROD-01,2025-04-23,99.0,USD,Settled
TXN-10153,CUST-0015,PROD-01,2025-05-23,79.2,USD,Settled
TXN-10154,CUST-0015,PROD-01,2025-06-22,99.0,USD,Settled
TXN-10155,CUST-0015,PROD-01,2025-07-22,99.0,USD,Settled
TXN-10156,CUST-0015,PROD-01,2025-08-21,99.0,USD,Settled
TXN-10157,CUST-0015,PROD-01,2025-09-20,99.0,USD,Settled
TXN-10158,CUST-0015,PROD-01,2025-10-20,99.0,USD,Settled
TXN-10159,CUST-0015,PROD-01,2025-11-19,99.0,USD,Settled
TXN-10160,CUST-0015,PROD-01,2025-12-19,99.0,USD,Settled
TXN-10161,CUST-0015,PROD-01,2026-01-18,99.0,USD,Settled
TXN-10162,CUST-0015,PROD-01,2026-02-17,99.0,USD,Settled
TXN-10163,CUST-0015,PROD-01,2026-03-19,99.0,USD,Settled
TXN-10164,CUST-0015,PROD-01,2026-04-18,99.0,USD,Settled
TXN-10165,CUST-0015,PROD-01,2026-05-18,99.0,USD,Settled
TXN-10166,CUST-0015,PROD-01,2026-06-17,99.0,USD,Settled
TXN-10167,CUST-0015,PROD-01,2026-07-17,99.0,USD,Settled
TXN-10168,CUST-0016,PROD-01,2025-01-21,79.2,USD,Settled
TXN-10169,CUST-0016,PROD-01,2025-02-20,99.0,USD,Settled
TXN-10170,CUST-0016,PROD-01,2025-03-22,99.0,USD,Settled
TXN-10171,CUST-0016,PROD-01,2025-04-21,99.0,USD,Settled
TXN-10172,CUST-0016,PROD-01,2025-05-21,99.0,USD,Settled
TXN-10173,CUST-0016,PROD-01,2025-06-20,99.0,USD,Settled
TXN-10174,CUST-0016,PROD-01,2025-07-20,99.0,USD,Settled
TXN-10175,CUST-0016,PROD-01,2025-08-19,89.1,USD,Settled
TXN-10176,CUST-0016,PROD-01,2025-09-18,99.0,USD,Settled
TXN-10177,CUST-0016,PROD-01,2025-10-18,99.0,USD,Settled
TXN-10178,CUST-0016,PROD-01,2025-11-17,99.0,USD,Settled
TXN-10179,CUST-0016,PROD-01,2025-12-17,99.0,USD,Settled
TXN-10180,CUST-0016,PROD-01,2026-01-16,99.0,USD,Settled
TXN-10181,CUST-0016,PROD-01,2026-02-15,99.0,USD,Settled
TXN-10182,CUST-0016,PROD-01,2026-03-17,89.1,USD,Settled
TXN-10183,CUST-0016,PROD-01,2026-04-16,99.0,USD,Refunded
TXN-10184,CUST-0016,PROD-01,2026-05-16,79.2,USD,Settled
TXN-10185,CUST-0016,PROD-01,2026-06-15,79.2,USD,Refunded
TXN-10186,CUST-0016,PROD-01,2026-07-15,99.0,USD,Settled
TXN-10187,CUST-0017,PROD-02,2024-09-17,299.0,USD,Settled
TXN-10188,CUST-0017,PROD-02,2024-10-17,299.0,USD,Settled
TXN-10189,CUST-0017,PROD-02,2024-11-16,269.1,USD,Settled
TXN-10190,CUST-0017,PROD-02,2024-12-16,299.0,USD,Settled
TXN-10191,CUST-0017,PROD-02,2025-01-15,269.1,USD,Settled
TXN-10192,CUST-0017,PROD-02,2025-02-14,269.1,USD,Settled
TXN-10193,CUST-0017,PROD-02,2025-03-16,299.0,USD,Settled
TXN-10194,CUST-0017,PROD-02,2025-04-15,299.0,USD,Settled
TXN-10195,CUST-0017,PROD-02,2025-05-15,269.1,USD,Settled
TXN-10196,CUST-0017,PROD-02,2025-06-14,299.0,USD,Settled
TXN-10197,CUST-0017,PROD-02,2025-07-14,299.0,USD,Settled
TXN-10198,CUST-0017,PROD-02,2025-08-13,299.0,USD,Settled
TXN-10199,CUST-0017,PROD-02,2025-09-12,299.0,USD,Refunded
TXN-10200,CUST-0017,PROD-02,2025-10-12,299.0,USD,Settled
TXN-10201,CUST-0017,PROD-02,2025-11-11,269.1,USD,Settled
TXN-10202,CUST-0017,PROD-02,2025-12-11,299.0,USD,Refunded
TXN-10203,CUST-0017,PROD-02,2026-01-10,299.0,USD,Settled
TXN-10204,CUST-0017,PROD-02,2026-02-09,269.1,USD,Settled
TXN-10205,CUST-0017,PROD-02,2026-03-11,299.0,USD,Settled
TXN-10206,CUST-0018,PROD-02,2025-01-09,299.0,USD,Settled
TXN-10207,CUST-0018,PROD-02,2025-02-08,299.0,USD,Settled
TXN-10208,CUST-0018,PROD-02,2025-03-10,299.0,USD,Settled
TXN-10209,CUST-0018,PROD-02,2025-04-09,299.0,USD,Settled
TXN-10210,CUST-0018,PROD-02,2025-05-09,299.0,USD,Settled
TXN-10211,CUST-0018,PROD-02,2025-06-08,299.0,USD,Settled
TXN-10212,CUST-0018,PROD-02,2025-07-08,299.0,USD,Settled
TXN-10213,CUST-0019,PROD-03,2025-02-18,999.0,USD,Settled
TXN-10214,CUST-0019,PROD-03,2025-03-20,999.0,USD,Settled
TXN-10215,CUST-0019,PROD-03,2025-04-19,999.0,USD,Settled
TXN-10216,CUST-0019,PROD-03,2025-05-19,999.0,USD,Settled
TXN-10217,CUST-0019,PROD-03,2025-06-18,999.0,USD,Refunded
TXN-10218,CUST-0019,PROD-03,2025-07-18,999.0,USD,Settled
TXN-10219,CUST-0019,PROD-03,2025-08-17,999.0,USD,Refunded
TXN-10220,CUST-0019,PROD-03,2025-09-16,999.0,USD,Settled
TXN-10221,CUST-0019,PROD-03,2025-10-16,999.0,USD,Settled
TXN-10222,CUST-0019,PROD-03,2025-11-15,999.0,USD,Settled
TXN-10223,CUST-0019,PROD-03,2025-12-15,999.0,USD,Settled
TXN-10224,CUST-0019,PROD-03,2026-01-14,999.0,USD,Failed
TXN-10225,CUST-0019,PROD-03,2026-02-13,999.0,USD,Settled
TXN-10226,CUST-0019,PROD-03,2026-03-15,999.0,USD,Settled
TXN-10227,CUST-0019,PROD-03,2026-04-14,999.0,USD,Settled
TXN-10228,CUST-0019,PROD-03,2026-05-14,999.0,USD,Settled
TXN-10229,CUST-0019,PROD-03,2026-06-13,999.0,USD,Settled
TXN-10230,CUST-0019,PROD-03,2026-07-13,999.0,USD,Settled
TXN-10231,CUST-0020,PROD-01,2025-02-17,99.0,USD,Settled
TXN-10232,CUST-0020,PROD-01,2025-03-19,89.1,USD,Settled
TXN-10233,CUST-0020,PROD-01,2025-04-18,99.0,USD,Settled
TXN-10234,CUST-0020,PROD-01,2025-05-18,99.0,USD,Settled
TXN-10235,CUST-0020,PROD-01,2025-06-17,99.0,USD,Settled
TXN-10236,CUST-0020,PROD-01,2025-07-17,99.0,USD,Settled
TXN-10237,CUST-0020,PROD-01,2025-08-16,79.2,USD,Settled
TXN-10238,CUST-0020,PROD-01,2025-09-15,99.0,USD,Settled
TXN-10239,CUST-0020,PROD-01,2025-10-15,99.0,USD,Settled
TXN-10240,CUST-0020,PROD-01,2025-11-14,99.0,USD,Settled
TXN-10241,CUST-0020,PROD-01,2025-12-14,89.1,USD,Settled
TXN-10242,CUST-0020,PROD-01,2026-01-13,89.1,USD,Settled
TXN-10243,CUST-0020,PROD-01,2026-02-12,99.0,USD,Settled
TXN-10244,CUST-0020,PROD-01,2026-03-14,99.0,USD,Settled
TXN-10245,CUST-0020,PROD-01,2026-04-13,99.0,USD,Settled
TXN-10246,CUST-0021,PROD-02,2024-11-12,269.1,USD,Settled
TXN-10247,CUST-0021,PROD-02,2024-12-12,299.0,USD,Settled
TXN-10248,CUST-0021,PROD-02,2025-01-11,299.0,USD,Settled
TXN-10249,CUST-0021,PROD-02,2025-02-10,299.0,USD,Settled
TXN-10250,CUST-0021,PROD-02,2025-03-12,299.0,USD,Settled
TXN-10251,CUST-0021,PROD-02,2025-04-11,299.0,USD,Settled
TXN-10252,CUST-0021,PROD-02,2025-05-11,299.0,USD,Settled
TXN-10253,CUST-0021,PROD-02,2025-06-10,299.0,USD,Settled
TXN-10254,CUST-0021,PROD-02,2025-07-10,299.0,USD,Settled
TXN-10255,CUST-0021,PROD-02,2025-08-09,299.0,USD,Settled
TXN-10256,CUST-0021,PROD-02,2025-09-08,299.0,USD,Settled
TXN-10257,CUST-0021,PROD-02,2025-10-08,299.0,USD,Settled
TXN-10258,CUST-0021,PROD-02,2025-11-07,299.0,USD,Settled
TXN-10259,CUST-0021,PROD-02,2025-12-07,299.0,USD,Settled
TXN-10260,CUST-0021,PROD-02,2026-01-06,299.0,USD,Settled
TXN-10261,CUST-0021,PROD-02,2026-02-05,299.0,USD,Settled
TXN-10262,CUST-0021,PROD-02,2026-03-07,299.0,USD,Settled
TXN-10263,CUST-0021,PROD-02,2026-04-06,299.0,USD,Settled
TXN-10264,CUST-0021,PROD-02,2026-05-06,299.0,USD,Settled
TXN-10265,CUST-0021,PROD-02,2026-06-05,299.0,USD,Settled
TXN-10266,CUST-0022,PROD-02,2025-11-27,299.0,USD,Settled
TXN-10267,CUST-0022,PROD-02,2025-12-27,269.1,USD,Settled
TXN-10268,CUST-0022,PROD-02,2026-01-26,269.1,USD,Settled
TXN-10269,CUST-0022,PROD-02,2026-02-25,299.0,USD,Settled
TXN-10270,CUST-0022,PROD-02,2026-03-27,299.0,USD,Settled
TXN-10271,CUST-0022,PROD-02,2026-04-26,299.0,USD,Settled
TXN-10272,CUST-0022,PROD-02,2026-05-26,269.1,USD,Settled
TXN-10273,CUST-0022,PROD-02,2026-06-25,269.1,USD,Settled
TXN-10274,CUST-0022,PROD-02,2026-07-25,299.0,USD,Settled
TXN-10275,CUST-0023,PROD-01,2024-09-15,99.0,USD,Settled
TXN-10276,CUST-0023,PROD-01,2024-10-15,99.0,USD,Settled
TXN-10277,CUST-0023,PROD-01,2024-11-14,99.0,USD,Settled
TXN-10278,CUST-0023,PROD-01,2024-12-14,99.0,USD,Settled
TXN-10279,CUST-0023,PROD-01,2025-01-13,89.1,USD,Settled
TXN-10280,CUST-0023,PROD-01,2025-02-12,99.0,USD,Settled
TXN-10281,CUST-0023,PROD-01,2025-03-14,99.0,USD,Settled
TXN-10282,CUST-0023,PROD-01,2025-04-13,99.0,USD,Settled
TXN-10283,CUST-0023,PROD-01,2025-05-13,89.1,USD,Settled
TXN-10284,CUST-0023,PROD-01,2025-06-12,89.1,USD,Settled
TXN-10285,CUST-0023,PROD-01,2025-07-12,99.0,USD,Settled
TXN-10286,CUST-0023,PROD-01,2025-08-11,89.1,USD,Settled
TXN-10287,CUST-0023,PROD-01,2025-09-10,99.0,USD,Settled
TXN-10288,CUST-0023,PROD-01,2025-10-10,99.0,USD,Settled
TXN-10289,CUST-0023,PROD-01,2025-11-09,89.1,USD,Settled
TXN-10290,CUST-0023,PROD-01,2025-12-09,99.0,USD,Settled
TXN-10291,CUST-0023,PROD-01,2026-01-08,99.0,USD,Settled
TXN-10292,CUST-0023,PROD-01,2026-02-07,99.0,USD,Settled
TXN-10293,CUST-0023,PROD-01,2026-03-09,99.0,USD,Settled
TXN-10294,CUST-0023,PROD-01,2026-04-08,99.0,USD,Settled
TXN-10295,CUST-0023,PROD-01,2026-05-08,99.0,USD,Settled
TXN-10296,CUST-0023,PROD-01,2026-06-07,99.0,USD,Settled
TXN-10297,CUST-0023,PROD-01,2026-07-07,89.1,USD,Settled
TXN-10298,CUST-0024,PROD-02,2025-02-08,299.0,USD,Settled
TXN-10299,CUST-0024,PROD-02,2025-03-10,299.0,USD,Settled
TXN-10300,CUST-0024,PROD-02,2025-04-09,269.1,USD,Settled
TXN-10301,CUST-0024,PROD-02,2025-05-09,299.0,USD,Settled
TXN-10302,CUST-0024,PROD-02,2025-06-08,269.1,USD,Settled
TXN-10303,CUST-0024,PROD-02,2025-07-08,299.0,USD,Settled
TXN-10304,CUST-0024,PROD-02,2025-08-07,299.0,USD,Settled
TXN-10305,CUST-0024,PROD-02,2025-09-06,299.0,USD,Refunded
TXN-10306,CUST-0024,PROD-02,2025-10-06,299.0,USD,Settled
TXN-10307,CUST-0024,PROD-02,2025-11-05,269.1,USD,Settled
TXN-10308,CUST-0024,PROD-02,2025-12-05,269.1,USD,Settled
TXN-10309,CUST-0024,PROD-02,2026-01-04,299.0,USD,Settled
TXN-10310,CUST-0024,PROD-02,2026-02-03,299.0,USD,Settled
TXN-10311,CUST-0024,PROD-02,2026-03-05,299.0,USD,Settled
TXN-10312,CUST-0024,PROD-02,2026-04-04,299.0,USD,Settled
TXN-10313,CUST-0024,PROD-02,2026-05-04,299.0,USD,Settled
TXN-10314,CUST-0024,PROD-02,2026-06-03,299.0,USD,Settled
TXN-10315,CUST-0024,PROD-02,2026-07-03,299.0,USD,Settled
TXN-10316,CUST-0025,PROD-03,2026-03-03,899.1,USD,Settled
TXN-10317,CUST-0025,PROD-03,2026-04-02,799.2,USD,Settled
TXN-10318,CUST-0025,PROD-03,2026-05-02,999.0,USD,Settled
TXN-10319,CUST-0025,PROD-03,2026-06-01,899.1,USD,Settled
TXN-10320,CUST-0025,PROD-03,2026-07-01,999.0,USD,Settled
TXN-10321,CUST-0026,PROD-01,2025-06-30,99.0,USD,Settled
TXN-10322,CUST-0026,PROD-01,2025-07-30,89.1,USD,Settled
TXN-10323,CUST-0026,PROD-01,2025-08-29,99.0,USD,Settled
TXN-10324,CUST-0026,PROD-01,2025-09-28,99.0,USD,Refunded
TXN-10325,CUST-0026,PROD-01,2025-10-28,99.0,USD,Settled
TXN-10326,CUST-0027,PROD-02,2025-08-20,299.0,USD,Settled
TXN-10327,CUST-0027,PROD-02,2025-09-19,239.2,USD,Settled
TXN-10328,CUST-0028,PROD-01,2026-05-12,89.1,USD,Settled
TXN-10329,CUST-0028,PROD-01,2026-06-11,99.0,USD,Settled
TXN-10330,CUST-0028,PROD-01,2026-07-11,89.1,USD,Settled
TXN-10331,CUST-0029,PROD-01,2025-09-19,99.0,USD,Settled
TXN-10332,CUST-0030,PROD-02,2026-07-19,299.0,USD,Settled
TXN-10333,CUST-0031,PROD-02,2025-01-29,299.0,USD,Settled
TXN-10334,CUST-0031,PROD-02,2025-02-28,299.0,USD,Settled
TXN-10335,CUST-0031,PROD-02,2025-03-30,299.0,USD,Settled
TXN-10336,CUST-0031,PROD-02,2025-04-29,299.0,USD,Settled
TXN-10337,CUST-0031,PROD-02,2025-05-29,299.0,USD,Settled
TXN-10338,CUST-0031,PROD-02,2025-06-28,299.0,USD,Settled
TXN-10339,CUST-0031,PROD-02,2025-07-28,299.0,USD,Settled
TXN-10340,CUST-0031,PROD-02,2025-08-27,299.0,USD,Settled
TXN-10341,CUST-0031,PROD-02,2025-09-26,299.0,USD,Settled
TXN-10342,CUST-0031,PROD-02,2025-10-26,239.2,USD,Settled
TXN-10343,CUST-0031,PROD-02,2025-11-25,299.0,USD,Settled
TXN-10344,CUST-0031,PROD-02,2025-12-25,299.0,USD,Settled
TXN-10345,CUST-0031,PROD-02,2026-01-24,299.0,USD,Settled
TXN-10346,CUST-0031,PROD-02,2026-02-23,299.0,USD,Settled
TXN-10347,CUST-0031,PROD-02,2026-03-25,299.0,USD,Settled
TXN-10348,CUST-0031,PROD-02,2026-04-24,299.0,USD,Settled
TXN-10349,CUST-0031,PROD-02,2026-05-24,299.0,USD,Settled
TXN-10350,CUST-0031,PROD-02,2026-06-23,299.0,USD,Settled
TXN-10351,CUST-0031,PROD-02,2026-07-23,299.0,USD,Settled
TXN-10352,CUST-0032,PROD-02,2024-10-02,299.0,USD,Settled
TXN-10353,CUST-0032,PROD-02,2024-11-01,239.2,USD,Settled
TXN-10354,CUST-0032,PROD-02,2024-12-01,299.0,USD,Settled
TXN-10355,CUST-0032,PROD-02,2024-12-31,299.0,USD,Settled
TXN-10356,CUST-0032,PROD-02,2025-01-30,299.0,USD,Settled
TXN-10357,CUST-0032,PROD-02,2025-03-01,299.0,USD,Settled
TXN-10358,CUST-0032,PROD-02,2025-03-31,239.2,USD,Settled
TXN-10359,CUST-0032,PROD-02,2025-04-30,269.1,USD,Settled
TXN-10360,CUST-0032,PROD-02,2025-05-30,299.0,USD,Settled
TXN-10361,CUST-0032,PROD-02,2025-06-29,269.1,USD,Settled
TXN-10362,CUST-0032,PROD-02,2025-07-29,299.0,USD,Settled
TXN-10363,CUST-0032,PROD-02,2025-08-28,299.0,USD,Settled
TXN-10364,CUST-0032,PROD-02,2025-09-27,299.0,USD,Settled
TXN-10365,CUST-0032,PROD-02,2025-10-27,299.0,USD,Failed
TXN-10366,CUST-0032,PROD-02,2025-11-26,239.2,USD,Refunded
TXN-10367,CUST-0032,PROD-02,2025-12-26,299.0,USD,Settled
TXN-10368,CUST-0032,PROD-02,2026-01-25,299.0,USD,Refunded
TXN-10369,CUST-0032,PROD-02,2026-02-24,299.0,USD,Settled
TXN-10370,CUST-0032,PROD-02,2026-03-26,299.0,USD,Settled
TXN-10371,CUST-0032,PROD-02,2026-04-25,299.0,USD,Settled
TXN-10372,CUST-0032,PROD-02,2026-05-25,299.0,USD,Refunded
TXN-10373,CUST-0032,PROD-02,2026-06-24,299.0,USD,Settled
TXN-10374,CUST-0032,PROD-02,2026-07-24,299.0,USD,Settled
TXN-10375,CUST-0033,PROD-01,2024-11-04,99.0,USD,Settled
TXN-10376,CUST-0033,PROD-01,2024-12-04,99.0,USD,Settled
TXN-10377,CUST-0033,PROD-01,2025-01-03,99.0,USD,Settled
TXN-10378,CUST-0033,PROD-01,2025-02-02,99.0,USD,Settled
TXN-10379,CUST-0033,PROD-01,2025-03-04,99.0,USD,Settled
TXN-10380,CUST-0033,PROD-01,2025-04-03,89.1,USD,Settled
TXN-10381,CUST-0033,PROD-01,2025-05-03,99.0,USD,Settled
TXN-10382,CUST-0033,PROD-01,2025-06-02,99.0,USD,Settled
TXN-10383,CUST-0033,PROD-01,2025-07-02,89.1,USD,Settled
TXN-10384,CUST-0033,PROD-01,2025-08-01,89.1,USD,Settled
TXN-10385,CUST-0033,PROD-01,2025-08-31,99.0,USD,Settled
TXN-10386,CUST-0033,PROD-01,2025-09-30,99.0,USD,Settled
TXN-10387,CUST-0034,PROD-01,2025-06-21,99.0,USD,Settled
TXN-10388,CUST-0034,PROD-01,2025-07-21,99.0,USD,Settled
TXN-10389,CUST-0034,PROD-01,2025-08-20,99.0,USD,Failed
TXN-10390,CUST-0034,PROD-01,2025-09-19,99.0,USD,Settled
TXN-10391,CUST-0034,PROD-01,2025-10-19,99.0,USD,Refunded
TXN-10392,CUST-0034,PROD-01,2025-11-18,99.0,USD,Settled
TXN-10393,CUST-0034,PROD-01,2025-12-18,89.1,USD,Settled
TXN-10394,CUST-0034,PROD-01,2026-01-17,99.0,USD,Refunded
TXN-10395,CUST-0034,PROD-01,2026-02-16,89.1,USD,Settled
TXN-10396,CUST-0034,PROD-01,2026-03-18,99.0,USD,Settled
TXN-10397,CUST-0034,PROD-01,2026-04-17,99.0,USD,Settled
TXN-10398,CUST-0034,PROD-01,2026-05-17,89.1,USD,Settled
TXN-10399,CUST-0034,PROD-01,2026-06-16,99.0,USD,Settled
TXN-10400,CUST-0034,PROD-01,2026-07-16,99.0,USD,Settled
TXN-10401,CUST-0035,PROD-02,2026-02-01,299.0,USD,Refunded
TXN-10402,CUST-0035,PROD-02,2026-03-03,299.0,USD,Settled
TXN-10403,CUST-0035,PROD-02,2026-04-02,269.1,USD,Settled
TXN-10404,CUST-0035,PROD-02,2026-05-02,299.0,USD,Settled
TXN-10405,CUST-0035,PROD-02,2026-06-01,299.0,USD,Settled
TXN-10406,CUST-0035,PROD-02,2026-07-01,299.0,USD,Settled
TXN-10407,CUST-0036,PROD-01,2025-07-03,99.0,USD,Settled
TXN-10408,CUST-0036,PROD-01,2025-08-02,99.0,USD,Settled
TXN-10409,CUST-0036,PROD-01,2025-09-01,99.0,USD,Settled
TXN-10410,CUST-0036,PROD-01,2025-10-01,99.0,USD,Settled
TXN-10411,CUST-0036,PROD-01,2025-10-31,99.0,USD,Settled
TXN-10412,CUST-0036,PROD-01,2025-11-30,99.0,USD,Settled
TXN-10413,CUST-0036,PROD-01,2025-12-30,99.0,USD,Settled
TXN-10414,CUST-0036,PROD-01,2026-01-29,99.0,USD,Settled
TXN-10415,CUST-0036,PROD-01,2026-02-28,99.0,USD,Settled
TXN-10416,CUST-0036,PROD-01,2026-03-30,99.0,USD,Settled
TXN-10417,CUST-0036,PROD-01,2026-04-29,89.1,USD,Settled
TXN-10418,CUST-0036,PROD-01,2026-05-29,99.0,USD,Settled
TXN-10419,CUST-0036,PROD-01,2026-06-28,99.0,USD,Settled
TXN-10420,CUST-0036,PROD-01,2026-07-28,99.0,USD,Settled
TXN-10421,CUST-0037,PROD-02,2025-10-27,299.0,USD,Refunded
TXN-10422,CUST-0037,PROD-02,2025-11-26,299.0,USD,Settled
TXN-10423,CUST-0037,PROD-02,2025-12-26,269.1,USD,Settled
TXN-10424,CUST-0037,PROD-02,2026-01-25,299.0,USD,Settled
TXN-10425,CUST-0037,PROD-02,2026-02-24,269.1,USD,Settled
TXN-10426,CUST-0037,PROD-02,2026-03-26,299.0,USD,Settled
TXN-10427,CUST-0037,PROD-02,2026-04-25,299.0,USD,Settled
TXN-10428,CUST-0037,PROD-02,2026-05-25,299.0,USD,Settled
TXN-10429,CUST-0037,PROD-02,2026-06-24,239.2,USD,Settled
TXN-10430,CUST-0037,PROD-02,2026-07-24,239.2,USD,Settled
TXN-10431,CUST-0038,PROD-01,2025-01-21,99.0,USD,Settled
TXN-10432,CUST-0038,PROD-01,2025-02-20,99.0,USD,Settled
TXN-10433,CUST-0038,PROD-01,2025-03-22,99.0,USD,Settled
TXN-10434,CUST-0038,PROD-01,2025-04-21,99.0,USD,Settled
TXN-10435,CUST-0038,PROD-01,2025-05-21,99.0,USD,Settled
TXN-10436,CUST-0038,PROD-01,2025-06-20,99.0,USD,Failed
TXN-10437,CUST-0038,PROD-01,2025-07-20,99.0,USD,Settled
TXN-10438,CUST-0038,PROD-01,2025-08-19,99.0,USD,Settled
TXN-10439,CUST-0038,PROD-01,2025-09-18,89.1,USD,Settled
TXN-10440,CUST-0038,PROD-01,2025-10-18,79.2,USD,Settled
TXN-10441,CUST-0038,PROD-01,2025-11-17,99.0,USD,Settled
TXN-10442,CUST-0039,PROD-03,2025-08-31,999.0,USD,Refunded
TXN-10443,CUST-0039,PROD-03,2025-09-30,999.0,USD,Settled
TXN-10444,CUST-0039,PROD-03,2025-10-30,999.0,USD,Settled
TXN-10445,CUST-0039,PROD-03,2025-11-29,999.0,USD,Settled
TXN-10446,CUST-0039,PROD-03,2025-12-29,999.0,USD,Settled
TXN-10447,CUST-0039,PROD-03,2026-01-28,999.0,USD,Settled
TXN-10448,CUST-0039,PROD-03,2026-02-27,999.0,USD,Settled
TXN-10449,CUST-0039,PROD-03,2026-03-29,999.0,USD,Settled
TXN-10450,CUST-0039,PROD-03,2026-04-28,999.0,USD,Settled
TXN-10451,CUST-0039,PROD-03,2026-05-28,999.0,USD,Settled
TXN-10452,CUST-0039,PROD-03,2026-06-27,999.0,USD,Settled
TXN-10453,CUST-0039,PROD-03,2026-07-27,899.1,USD,Settled
TXN-10454,CUST-0040,PROD-01,2025-09-19,99.0,USD,Settled
TXN-10455,CUST-0040,PROD-01,2025-10-19,99.0,USD,Settled
TXN-10456,CUST-0040,PROD-01,2025-11-18,99.0,USD,Settled
TXN-10457,CUST-0040,PROD-01,2025-12-18,79.2,USD,Settled
TXN-10458,CUST-0040,PROD-01,2026-01-17,99.0,USD,Settled
TXN-10459,CUST-0040,PROD-01,2026-02-16,99.0,USD,Settled
TXN-10460,CUST-0040,PROD-01,2026-03-18,99.0,USD,Settled
TXN-10461,CUST-0040,PROD-01,2026-04-17,99.0,USD,Failed
TXN-10462,CUST-0040,PROD-01,2026-05-17,79.2,USD,Settled
TXN-10463,CUST-0040,PROD-01,2026-06-16,99.0,USD,Settled
TXN-10464,CUST-0040,PROD-01,2026-07-16,99.0,USD,Settled
TXN-10465,CUST-0041,PROD-01,2025-07-30,99.0,USD,Settled
TXN-10466,CUST-0041,PROD-01,2025-08-29,99.0,USD,Settled
TXN-10467,CUST-0041,PROD-01,2025-09-28,99.0,USD,Settled
TXN-10468,CUST-0041,PROD-01,2025-10-28,99.0,USD,Settled
TXN-10469,CUST-0041,PROD-01,2025-11-27,99.0,USD,Settled
TXN-10470,CUST-0041,PROD-01,2025-12-27,99.0,USD,Settled
TXN-10471,CUST-0041,PROD-01,2026-01-26,89.1,USD,Settled
TXN-10472,CUST-0041,PROD-01,2026-02-25,89.1,USD,Settled
TXN-10473,CUST-0041,PROD-01,2026-03-27,79.2,USD,Settled
TXN-10474,CUST-0041,PROD-01,2026-04-26,89.1,USD,Settled
TXN-10475,CUST-0041,PROD-01,2026-05-26,99.0,USD,Settled
TXN-10476,CUST-0041,PROD-01,2026-06-25,89.1,USD,Settled
TXN-10477,CUST-0041,PROD-01,2026-07-25,99.0,USD,Settled
TXN-10478,CUST-0042,PROD-01,2024-10-09,99.0,USD,Settled
TXN-10479,CUST-0042,PROD-01,2024-11-08,79.2,USD,Settled
TXN-10480,CUST-0042,PROD-01,2024-12-08,99.0,USD,Settled
TXN-10481,CUST-0042,PROD-01,2025-01-07,79.2,USD,Settled
TXN-10482,CUST-0042,PROD-01,2025-02-06,99.0,USD,Settled
TXN-10483,CUST-0042,PROD-01,2025-03-08,89.1,USD,Settled
TXN-10484,CUST-0042,PROD-01,2025-04-07,99.0,USD,Settled
TXN-10485,CUST-0042,PROD-01,2025-05-07,99.0,USD,Settled
TXN-10486,CUST-0042,PROD-01,2025-06-06,99.0,USD,Settled
TXN-10487,CUST-0042,PROD-01,2025-07-06,99.0,USD,Settled
TXN-10488,CUST-0042,PROD-01,2025-08-05,89.1,USD,Settled
TXN-10489,CUST-0042,PROD-01,2025-09-04,99.0,USD,Settled
TXN-10490,CUST-0042,PROD-01,2025-10-04,99.0,USD,Settled
TXN-10491,CUST-0042,PROD-01,2025-11-03,99.0,USD,Settled
TXN-10492,CUST-0042,PROD-01,2025-12-03,99.0,USD,Settled
TXN-10493,CUST-0043,PROD-01,2025-06-12,99.0,USD,Settled
TXN-10494,CUST-0043,PROD-01,2025-07-12,99.0,USD,Settled
TXN-10495,CUST-0043,PROD-01,2025-08-11,99.0,USD,Settled
TXN-10496,CUST-0043,PROD-01,2025-09-10,99.0,USD,Settled
TXN-10497,CUST-0043,PROD-01,2025-10-10,99.0,USD,Settled
TXN-10498,CUST-0043,PROD-01,2025-11-09,99.0,USD,Settled
TXN-10499,CUST-0043,PROD-01,2025-12-09,99.0,USD,Settled
TXN-10500,CUST-0043,PROD-01,2026-01-08,99.0,USD,Settled
TXN-10501,CUST-0043,PROD-01,2026-02-07,99.0,USD,Settled
TXN-10502,CUST-0043,PROD-01,2026-03-09,89.1,USD,Settled
TXN-10503,CUST-0043,PROD-01,2026-04-08,99.0,USD,Settled
TXN-10504,CUST-0043,PROD-01,2026-05-08,99.0,USD,Settled
TXN-10505,CUST-0043,PROD-01,2026-06-07,99.0,USD,Settled
TXN-10506,CUST-0043,PROD-01,2026-07-07,99.0,USD,Settled
TXN-10507,CUST-0044,PROD-02,2024-09-13,299.0,USD,Settled
TXN-10508,CUST-0044,PROD-02,2024-10-13,269.1,USD,Settled
TXN-10509,CUST-0044,PROD-02,2024-11-12,299.0,USD,Settled
TXN-10510,CUST-0044,PROD-02,2024-12-12,269.1,USD,Settled
TXN-10511,CUST-0044,PROD-02,2025-01-11,269.1,USD,Settled
TXN-10512,CUST-0044,PROD-02,2025-02-10,299.0,USD,Settled
TXN-10513,CUST-0044,PROD-02,2025-03-12,239.2,USD,Settled
TXN-10514,CUST-0044,PROD-02,2025-04-11,269.1,USD,Settled
TXN-10515,CUST-0044,PROD-02,2025-05-11,299.0,USD,Settled
TXN-10516,CUST-0044,PROD-02,2025-06-10,299.0,USD,Settled
TXN-10517,CUST-0044,PROD-02,2025-07-10,299.0,USD,Settled
TXN-10518,CUST-0044,PROD-02,2025-08-09,299.0,USD,Settled
TXN-10519,CUST-0044,PROD-02,2025-09-08,299.0,USD,Settled
TXN-10520,CUST-0044,PROD-02,2025-10-08,299.0,USD,Settled
TXN-10521,CUST-0044,PROD-02,2025-11-07,299.0,USD,Settled
TXN-10522,CUST-0045,PROD-03,2025-02-06,999.0,USD,Settled
TXN-10523,CUST-0045,PROD-03,2025-03-08,999.0,USD,Settled
TXN-10524,CUST-0045,PROD-03,2025-04-07,999.0,USD,Settled
TXN-10525,CUST-0045,PROD-03,2025-05-07,899.1,USD,Settled
TXN-10526,CUST-0045,PROD-03,2025-06-06,899.1,USD,Settled
TXN-10527,CUST-0045,PROD-03,2025-07-06,899.1,USD,Settled
TXN-10528,CUST-0045,PROD-03,2025-08-05,999.0,USD,Settled
TXN-10529,CUST-0045,PROD-03,2025-09-04,999.0,USD,Settled
TXN-10530,CUST-0045,PROD-03,2025-10-04,999.0,USD,Settled
TXN-10531,CUST-0045,PROD-03,2025-11-03,899.1,USD,Settled
TXN-10532,CUST-0045,PROD-03,2025-12-03,999.0,USD,Settled
TXN-10533,CUST-0045,PROD-03,2026-01-02,999.0,USD,Settled
TXN-10534,CUST-0045,PROD-03,2026-02-01,999.0,USD,Settled
TXN-10535,CUST-0045,PROD-03,2026-03-03,999.0,USD,Settled
TXN-10536,CUST-0045,PROD-03,2026-04-02,999.0,USD,Refunded
TXN-10537,CUST-0045,PROD-03,2026-05-02,899.1,USD,Settled
TXN-10538,CUST-0045,PROD-03,2026-06-01,999.0,USD,Refunded
TXN-10539,CUST-0045,PROD-03,2026-07-01,999.0,USD,Settled
TXN-10540,CUST-0046,PROD-01,2025-06-20,99.0,USD,Settled
TXN-10541,CUST-0046,PROD-01,2025-07-20,99.0,USD,Settled
TXN-10542,CUST-0046,PROD-01,2025-08-19,99.0,USD,Settled
TXN-10543,CUST-0046,PROD-01,2025-09-18,89.1,USD,Settled
TXN-10544,CUST-0046,PROD-01,2025-10-18,99.0,USD,Settled
TXN-10545,CUST-0046,PROD-01,2025-11-17,99.0,USD,Settled
TXN-10546,CUST-0046,PROD-01,2025-12-17,89.1,USD,Settled
TXN-10547,CUST-0046,PROD-01,2026-01-16,99.0,USD,Settled
TXN-10548,CUST-0046,PROD-01,2026-02-15,99.0,USD,Settled
TXN-10549,CUST-0046,PROD-01,2026-03-17,99.0,USD,Settled
TXN-10550,CUST-0046,PROD-01,2026-04-16,99.0,USD,Settled
TXN-10551,CUST-0046,PROD-01,2026-05-16,79.2,USD,Settled
TXN-10552,CUST-0046,PROD-01,2026-06-15,79.2,USD,Settled
TXN-10553,CUST-0046,PROD-01,2026-07-15,99.0,USD,Settled
TXN-10554,CUST-0047,PROD-02,2025-07-07,299.0,USD,Settled
TXN-10555,CUST-0047,PROD-02,2025-08-06,299.0,USD,Settled
TXN-10556,CUST-0047,PROD-02,2025-09-05,299.0,USD,Settled
TXN-10557,CUST-0047,PROD-02,2025-10-05,299.0,USD,Settled
TXN-10558,CUST-0047,PROD-02,2025-11-04,299.0,USD,Settled
TXN-10559,CUST-0047,PROD-02,2025-12-04,299.0,USD,Settled
TXN-10560,CUST-0047,PROD-02,2026-01-03,299.0,USD,Settled
TXN-10561,CUST-0047,PROD-02,2026-02-02,269.1,USD,Settled
TXN-10562,CUST-0047,PROD-02,2026-03-04,299.0,USD,Settled
TXN-10563,CUST-0047,PROD-02,2026-04-03,269.1,USD,Settled
TXN-10564,CUST-0047,PROD-02,2026-05-03,299.0,USD,Settled
TXN-10565,CUST-0047,PROD-02,2026-06-02,239.2,USD,Settled
TXN-10566,CUST-0047,PROD-02,2026-07-02,299.0,USD,Settled
TXN-10567,CUST-0048,PROD-02,2024-10-08,299.0,USD,Settled
TXN-10568,CUST-0048,PROD-02,2024-11-07,299.0,USD,Settled
TXN-10569,CUST-0048,PROD-02,2024-12-07,299.0,USD,Settled
TXN-10570,CUST-0048,PROD-02,2025-01-06,299.0,USD,Settled
TXN-10571,CUST-0048,PROD-02,2025-02-05,269.1,USD,Settled
TXN-10572,CUST-0048,PROD-02,2025-03-07,299.0,USD,Settled
TXN-10573,CUST-0048,PROD-02,2025-04-06,299.0,USD,Settled
TXN-10574,CUST-0048,PROD-02,2025-05-06,299.0,USD,Settled
TXN-10575,CUST-0049,PROD-01,2025-01-10,99.0,USD,Settled
TXN-10576,CUST-0049,PROD-01,2025-02-09,99.0,USD,Refunded
TXN-10577,CUST-0050,PROD-02,2025-05-27,269.1,USD,Settled
TXN-10578,CUST-0050,PROD-02,2025-06-26,269.1,USD,Settled
TXN-10579,CUST-0050,PROD-02,2025-07-26,299.0,USD,Settled
TXN-10580,CUST-0050,PROD-02,2025-08-25,269.1,USD,Settled
TXN-10581,CUST-0050,PROD-02,2025-09-24,299.0,USD,Settled
TXN-10582,CUST-0050,PROD-02,2025-10-24,239.2,USD,Settled
TXN-10583,CUST-0050,PROD-02,2025-11-23,269.1,USD,Settled
TXN-10584,CUST-0050,PROD-02,2025-12-23,299.0,USD,Settled
TXN-10585,CUST-0050,PROD-02,2026-01-22,299.0,USD,Settled
TXN-10586,CUST-0051,PROD-02,2025-06-21,299.0,USD,Settled
TXN-10587,CUST-0051,PROD-02,2025-07-21,299.0,USD,Settled
TXN-10588,CUST-0051,PROD-02,2025-08-20,299.0,USD,Settled
TXN-10589,CUST-0051,PROD-02,2025-09-19,299.0,USD,Settled
TXN-10590,CUST-0051,PROD-02,2025-10-19,299.0,USD,Settled
TXN-10591,CUST-0051,PROD-02,2025-11-18,269.1,USD,Settled
TXN-10592,CUST-0051,PROD-02,2025-12-18,299.0,USD,Settled
TXN-10593,CUST-0051,PROD-02,2026-01-17,239.2,USD,Settled
TXN-10594,CUST-0051,PROD-02,2026-02-16,299.0,USD,Settled
TXN-10595,CUST-0051,PROD-02,2026-03-18,299.0,USD,Settled
TXN-10596,CUST-0051,PROD-02,2026-04-17,299.0,USD,Settled
TXN-10597,CUST-0051,PROD-02,2026-05-17,299.0,USD,Settled
TXN-10598,CUST-0051,PROD-02,2026-06-16,299.0,USD,Settled
TXN-10599,CUST-0051,PROD-02,2026-07-16,299.0,USD,Settled
TXN-10600,CUST-0052,PROD-01,2024-11-25,99.0,USD,Settled
TXN-10601,CUST-0052,PROD-01,2024-12-25,99.0,USD,Settled
TXN-10602,CUST-0053,PROD-02,2026-02-19,299.0,USD,Failed
TXN-10603,CUST-0053,PROD-02,2026-03-21,299.0,USD,Refunded
TXN-10604,CUST-0053,PROD-02,2026-04-20,299.0,USD,Settled
TXN-10605,CUST-0053,PROD-02,2026-05-20,299.0,USD,Settled
TXN-10606,CUST-0053,PROD-02,2026-06-19,299.0,USD,Settled
TXN-10607,CUST-0053,PROD-02,2026-07-19,299.0,USD,Settled
TXN-10608,CUST-0054,PROD-02,2025-08-22,299.0,USD,Settled
TXN-10609,CUST-0054,PROD-02,2025-09-21,299.0,USD,Settled
TXN-10610,CUST-0054,PROD-02,2025-10-21,299.0,USD,Settled
TXN-10611,CUST-0054,PROD-02,2025-11-20,299.0,USD,Settled
TXN-10612,CUST-0054,PROD-02,2025-12-20,299.0,USD,Settled
TXN-10613,CUST-0054,PROD-02,2026-01-19,299.0,USD,Settled
TXN-10614,CUST-0054,PROD-02,2026-02-18,299.0,USD,Settled
TXN-10615,CUST-0054,PROD-02,2026-03-20,239.2,USD,Settled
TXN-10616,CUST-0054,PROD-02,2026-04-19,299.0,USD,Settled
TXN-10617,CUST-0054,PROD-02,2026-05-19,299.0,USD,Settled
TXN-10618,CUST-0054,PROD-02,2026-06-18,299.0,USD,Settled
TXN-10619,CUST-0054,PROD-02,2026-07-18,299.0,USD,Settled
TXN-10620,CUST-0055,PROD-02,2024-09-19,299.0,USD,Settled
TXN-10621,CUST-0055,PROD-02,2024-10-19,299.0,USD,Refunded
TXN-10622,CUST-0055,PROD-02,2024-11-18,299.0,USD,Settled
TXN-10623,CUST-0055,PROD-02,2024-12-18,299.0,USD,Settled
TXN-10624,CUST-0055,PROD-02,2025-01-17,239.2,USD,Settled
TXN-10625,CUST-0055,PROD-02,2025-02-16,269.1,USD,Settled
TXN-10626,CUST-0055,PROD-02,2025-03-18,239.2,USD,Refunded
TXN-10627,CUST-0055,PROD-02,2025-04-17,299.0,USD,Settled
TXN-10628,CUST-0055,PROD-02,2025-05-17,299.0,USD,Settled
TXN-10629,CUST-0055,PROD-02,2025-06-16,299.0,USD,Settled
TXN-10630,CUST-0055,PROD-02,2025-07-16,299.0,USD,Settled
TXN-10631,CUST-0055,PROD-02,2025-08-15,299.0,USD,Refunded
TXN-10632,CUST-0055,PROD-02,2025-09-14,299.0,USD,Settled
TXN-10633,CUST-0055,PROD-02,2025-10-14,299.0,USD,Settled
TXN-10634,CUST-0055,PROD-02,2025-11-13,299.0,USD,Settled
TXN-10635,CUST-0055,PROD-02,2025-12-13,299.0,USD,Settled
TXN-10636,CUST-0055,PROD-02,2026-01-12,299.0,USD,Settled
TXN-10637,CUST-0055,PROD-02,2026-02-11,299.0,USD,Settled
TXN-10638,CUST-0055,PROD-02,2026-03-13,269.1,USD,Settled
TXN-10639,CUST-0055,PROD-02,2026-04-12,299.0,USD,Settled
TXN-10640,CUST-0055,PROD-02,2026-05-12,299.0,USD,Settled
TXN-10641,CUST-0055,PROD-02,2026-06-11,299.0,USD,Settled
TXN-10642,CUST-0055,PROD-02,2026-07-11,299.0,USD,Settled
TXN-10643,CUST-0056,PROD-02,2025-02-04,299.0,USD,Settled
TXN-10644,CUST-0056,PROD-02,2025-03-06,239.2,USD,Settled
TXN-10645,CUST-0057,PROD-01,2025-10-10,99.0,USD,Settled
TXN-10646,CUST-0057,PROD-01,2025-11-09,99.0,USD,Settled
TXN-10647,CUST-0057,PROD-01,2025-12-09,99.0,USD,Settled
TXN-10648,CUST-0057,PROD-01,2026-01-08,99.0,USD,Settled
TXN-10649,CUST-0058,PROD-01,2025-01-29,99.0,USD,Settled
TXN-10650,CUST-0058,PROD-01,2025-02-28,99.0,USD,Refunded
TXN-10651,CUST-0058,PROD-01,2025-03-30,99.0,USD,Settled
TXN-10652,CUST-0058,PROD-01,2025-04-29,99.0,USD,Settled
TXN-10653,CUST-0058,PROD-01,2025-05-29,99.0,USD,Settled
TXN-10654,CUST-0058,PROD-01,2025-06-28,89.1,USD,Settled
TXN-10655,CUST-0058,PROD-01,2025-07-28,99.0,USD,Settled
TXN-10656,CUST-0058,PROD-01,2025-08-27,79.2,USD,Settled
TXN-10657,CUST-0058,PROD-01,2025-09-26,99.0,USD,Settled
TXN-10658,CUST-0058,PROD-01,2025-10-26,99.0,USD,Settled
TXN-10659,CUST-0058,PROD-01,2025-11-25,99.0,USD,Settled
TXN-10660,CUST-0059,PROD-03,2025-07-18,999.0,USD,Settled
TXN-10661,CUST-0059,PROD-03,2025-08-17,999.0,USD,Settled
TXN-10662,CUST-0059,PROD-03,2025-09-16,999.0,USD,Settled
TXN-10663,CUST-0059,PROD-03,2025-10-16,999.0,USD,Settled
TXN-10664,CUST-0059,PROD-03,2025-11-15,999.0,USD,Settled
TXN-10665,CUST-0059,PROD-03,2025-12-15,899.1,USD,Settled
TXN-10666,CUST-0059,PROD-03,2026-01-14,999.0,USD,Settled
TXN-10667,CUST-0059,PROD-03,2026-02-13,999.0,USD,Settled
TXN-10668,CUST-0059,PROD-03,2026-03-15,899.1,USD,Settled
TXN-10669,CUST-0059,PROD-03,2026-04-14,999.0,USD,Settled
TXN-10670,CUST-0059,PROD-03,2026-05-14,999.0,USD,Settled
TXN-10671,CUST-0059,PROD-03,2026-06-13,999.0,USD,Settled
TXN-10672,CUST-0059,PROD-03,2026-07-13,999.0,USD,Settled
TXN-10673,CUST-0060,PROD-03,2025-07-18,999.0,USD,Settled
TXN-10674,CUST-0060,PROD-03,2025-08-17,799.2,USD,Settled
TXN-10675,CUST-0060,PROD-03,2025-09-16,999.0,USD,Settled
TXN-10676,CUST-0060,PROD-03,2025-10-16,999.0,USD,Settled
TXN-10677,CUST-0061,PROD-02,2025-08-24,299.0,USD,Settled
TXN-10678,CUST-0061,PROD-02,2025-09-23,299.0,USD,Settled
TXN-10679,CUST-0061,PROD-02,2025-10-23,299.0,USD,Settled
TXN-10680,CUST-0061,PROD-02,2025-11-22,299.0,USD,Settled
TXN-10681,CUST-0061,PROD-02,2025-12-22,299.0,USD,Settled
TXN-10682,CUST-0061,PROD-02,2026-01-21,299.0,USD,Settled
TXN-10683,CUST-0061,PROD-02,2026-02-20,299.0,USD,Settled
TXN-10684,CUST-0061,PROD-02,2026-03-22,299.0,USD,Settled
TXN-10685,CUST-0061,PROD-02,2026-04-21,299.0,USD,Settled
TXN-10686,CUST-0061,PROD-02,2026-05-21,299.0,USD,Settled
TXN-10687,CUST-0061,PROD-02,2026-06-20,299.0,USD,Settled
TXN-10688,CUST-0061,PROD-02,2026-07-20,299.0,USD,Failed
TXN-10689,CUST-0062,PROD-03,2026-06-10,999.0,USD,Settled
TXN-10690,CUST-0062,PROD-03,2026-07-10,799.2,USD,Settled
TXN-10691,CUST-0063,PROD-02,2026-05-06,269.1,USD,Settled
TXN-10692,CUST-0063,PROD-02,2026-06-05,299.0,USD,Settled
TXN-10693,CUST-0063,PROD-02,2026-07-05,299.0,USD,Settled
TXN-10694,CUST-0064,PROD-01,2024-08-03,99.0,USD,Settled
TXN-10695,CUST-0064,PROD-01,2024-09-02,99.0,USD,Settled
TXN-10696,CUST-0064,PROD-01,2024-10-02,99.0,USD,Settled
TXN-10697,CUST-0064,PROD-01,2024-11-01,79.2,USD,Settled
TXN-10698,CUST-0064,PROD-01,2024-12-01,79.2,USD,Settled
TXN-10699,CUST-0064,PROD-01,2024-12-31,79.2,USD,Settled
TXN-10700,CUST-0064,PROD-01,2025-01-30,89.1,USD,Settled
TXN-10701,CUST-0064,PROD-01,2025-03-01,89.1,USD,Settled
TXN-10702,CUST-0064,PROD-01,2025-03-31,99.0,USD,Settled
TXN-10703,CUST-0064,PROD-01,2025-04-30,99.0,USD,Settled
TXN-10704,CUST-0064,PROD-01,2025-05-30,89.1,USD,Settled
TXN-10705,CUST-0064,PROD-01,2025-06-29,99.0,USD,Settled
TXN-10706,CUST-0064,PROD-01,2025-07-29,79.2,USD,Settled
TXN-10707,CUST-0065,PROD-02,2025-02-18,299.0,USD,Settled
TXN-10708,CUST-0065,PROD-02,2025-03-20,299.0,USD,Settled
TXN-10709,CUST-0065,PROD-02,2025-04-19,299.0,USD,Settled
TXN-10710,CUST-0065,PROD-02,2025-05-19,299.0,USD,Settled
TXN-10711,CUST-0065,PROD-02,2025-06-18,269.1,USD,Settled
TXN-10712,CUST-0065,PROD-02,2025-07-18,299.0,USD,Settled
TXN-10713,CUST-0065,PROD-02,2025-08-17,299.0,USD,Settled
TXN-10714,CUST-0065,PROD-02,2025-09-16,299.0,USD,Settled
TXN-10715,CUST-0065,PROD-02,2025-10-16,269.1,USD,Settled
TXN-10716,CUST-0066,PROD-02,2024-11-25,239.2,USD,Settled
TXN-10717,CUST-0066,PROD-02,2024-12-25,299.0,USD,Settled
TXN-10718,CUST-0066,PROD-02,2025-01-24,269.1,USD,Settled
TXN-10719,CUST-0066,PROD-02,2025-02-23,299.0,USD,Settled
TXN-10720,CUST-0066,PROD-02,2025-03-25,299.0,USD,Settled
TXN-10721,CUST-0066,PROD-02,2025-04-24,299.0,USD,Settled
TXN-10722,CUST-0066,PROD-02,2025-05-24,299.0,USD,Settled
TXN-10723,CUST-0066,PROD-02,2025-06-23,299.0,USD,Settled
TXN-10724,CUST-0066,PROD-02,2025-07-23,299.0,USD,Settled
TXN-10725,CUST-0066,PROD-02,2025-08-22,239.2,USD,Settled
TXN-10726,CUST-0066,PROD-02,2025-09-21,299.0,USD,Settled
TXN-10727,CUST-0066,PROD-02,2025-10-21,299.0,USD,Settled
TXN-10728,CUST-0066,PROD-02,2025-11-20,299.0,USD,Settled
TXN-10729,CUST-0066,PROD-02,2025-12-20,299.0,USD,Failed
TXN-10730,CUST-0066,PROD-02,2026-01-19,299.0,USD,Settled
TXN-10731,CUST-0066,PROD-02,2026-02-18,299.0,USD,Settled
TXN-10732,CUST-0066,PROD-02,2026-03-20,299.0,USD,Settled
TXN-10733,CUST-0066,PROD-02,2026-04-19,269.1,USD,Settled
TXN-10734,CUST-0066,PROD-02,2026-05-19,299.0,USD,Settled
TXN-10735,CUST-0066,PROD-02,2026-06-18,239.2,USD,Settled
TXN-10736,CUST-0066,PROD-02,2026-07-18,299.0,USD,Settled
TXN-10737,CUST-0067,PROD-01,2025-01-02,99.0,USD,Settled
TXN-10738,CUST-0067,PROD-01,2025-02-01,99.0,USD,Settled
TXN-10739,CUST-0067,PROD-01,2025-03-03,99.0,USD,Settled
TXN-10740,CUST-0067,PROD-01,2025-04-02,99.0,USD,Settled
TXN-10741,CUST-0067,PROD-01,2025-05-02,89.1,USD,Refunded
TXN-10742,CUST-0067,PROD-01,2025-06-01,99.0,USD,Settled
TXN-10743,CUST-0067,PROD-01,2025-07-01,99.0,USD,Refunded
TXN-10744,CUST-0067,PROD-01,2025-07-31,89.1,USD,Settled
TXN-10745,CUST-0067,PROD-01,2025-08-30,99.0,USD,Settled
TXN-10746,CUST-0067,PROD-01,2025-09-29,99.0,USD,Refunded
TXN-10747,CUST-0067,PROD-01,2025-10-29,99.0,USD,Settled
TXN-10748,CUST-0067,PROD-01,2025-11-28,99.0,USD,Settled
TXN-10749,CUST-0067,PROD-01,2025-12-28,99.0,USD,Settled
TXN-10750,CUST-0067,PROD-01,2026-01-27,99.0,USD,Settled
TXN-10751,CUST-0067,PROD-01,2026-02-26,99.0,USD,Settled
TXN-10752,CUST-0067,PROD-01,2026-03-28,99.0,USD,Settled
TXN-10753,CUST-0067,PROD-01,2026-04-27,89.1,USD,Settled
TXN-10754,CUST-0067,PROD-01,2026-05-27,99.0,USD,Settled
TXN-10755,CUST-0067,PROD-01,2026-06-26,99.0,USD,Settled
TXN-10756,CUST-0067,PROD-01,2026-07-26,89.1,USD,Settled
TXN-10757,CUST-0068,PROD-03,2024-10-07,999.0,USD,Settled
TXN-10758,CUST-0068,PROD-03,2024-11-06,999.0,USD,Settled
TXN-10759,CUST-0068,PROD-03,2024-12-06,999.0,USD,Settled
TXN-10760,CUST-0068,PROD-03,2025-01-05,999.0,USD,Refunded
TXN-10761,CUST-0068,PROD-03,2025-02-04,999.0,USD,Settled
TXN-10762,CUST-0068,PROD-03,2025-03-06,999.0,USD,Settled
TXN-10763,CUST-0068,PROD-03,2025-04-05,899.1,USD,Settled
TXN-10764,CUST-0069,PROD-01,2025-12-04,89.1,USD,Settled
TXN-10765,CUST-0069,PROD-01,2026-01-03,99.0,USD,Settled
TXN-10766,CUST-0069,PROD-01,2026-02-02,99.0,USD,Settled
TXN-10767,CUST-0069,PROD-01,2026-03-04,99.0,USD,Settled
TXN-10768,CUST-0069,PROD-01,2026-04-03,99.0,USD,Settled
TXN-10769,CUST-0069,PROD-01,2026-05-03,99.0,USD,Settled
TXN-10770,CUST-0069,PROD-01,2026-06-02,89.1,USD,Settled
TXN-10771,CUST-0069,PROD-01,2026-07-02,99.0,USD,Settled
TXN-10772,CUST-0070,PROD-03,2025-10-06,899.1,USD,Settled
TXN-10773,CUST-0070,PROD-03,2025-11-05,999.0,USD,Settled
TXN-10774,CUST-0070,PROD-03,2025-12-05,999.0,USD,Settled
TXN-10775,CUST-0070,PROD-03,2026-01-04,999.0,USD,Settled
TXN-10776,CUST-0070,PROD-03,2026-02-03,899.1,USD,Settled
TXN-10777,CUST-0070,PROD-03,2026-03-05,799.2,USD,Refunded
TXN-10778,CUST-0070,PROD-03,2026-04-04,999.0,USD,Settled
TXN-10779,CUST-0070,PROD-03,2026-05-04,999.0,USD,Settled
TXN-10780,CUST-0071,PROD-01,2025-09-24,99.0,USD,Settled
TXN-10781,CUST-0071,PROD-01,2025-10-24,99.0,USD,Settled
TXN-10782,CUST-0071,PROD-01,2025-11-23,99.0,USD,Settled
TXN-10783,CUST-0071,PROD-01,2025-12-23,89.1,USD,Settled
TXN-10784,CUST-0071,PROD-01,2026-01-22,99.0,USD,Settled
TXN-10785,CUST-0071,PROD-01,2026-02-21,99.0,USD,Settled
TXN-10786,CUST-0071,PROD-01,2026-03-23,79.2,USD,Settled
TXN-10787,CUST-0071,PROD-01,2026-04-22,89.1,USD,Settled
TXN-10788,CUST-0071,PROD-01,2026-05-22,99.0,USD,Settled
TXN-10789,CUST-0071,PROD-01,2026-06-21,99.0,USD,Failed
TXN-10790,CUST-0071,PROD-01,2026-07-21,99.0,USD,Settled
TXN-10791,CUST-0072,PROD-02,2024-11-20,299.0,USD,Settled
TXN-10792,CUST-0072,PROD-02,2024-12-20,239.2,USD,Settled
TXN-10793,CUST-0072,PROD-02,2025-01-19,299.0,USD,Settled
TXN-10794,CUST-0072,PROD-02,2025-02-18,299.0,USD,Settled
TXN-10795,CUST-0072,PROD-02,2025-03-20,299.0,USD,Settled
TXN-10796,CUST-0072,PROD-02,2025-04-19,269.1,USD,Settled
TXN-10797,CUST-0072,PROD-02,2025-05-19,299.0,USD,Settled
TXN-10798,CUST-0072,PROD-02,2025-06-18,299.0,USD,Settled
TXN-10799,CUST-0072,PROD-02,2025-07-18,299.0,USD,Settled
TXN-10800,CUST-0072,PROD-02,2025-08-17,299.0,USD,Settled
TXN-10801,CUST-0072,PROD-02,2025-09-16,299.0,USD,Settled
TXN-10802,CUST-0072,PROD-02,2025-10-16,299.0,USD,Settled
TXN-10803,CUST-0072,PROD-02,2025-11-15,269.1,USD,Settled
TXN-10804,CUST-0072,PROD-02,2025-12-15,269.1,USD,Settled
TXN-10805,CUST-0072,PROD-02,2026-01-14,299.0,USD,Settled
TXN-10806,CUST-0072,PROD-02,2026-02-13,299.0,USD,Settled
TXN-10807,CUST-0072,PROD-02,2026-03-15,299.0,USD,Settled
TXN-10808,CUST-0072,PROD-02,2026-04-14,299.0,USD,Settled
TXN-10809,CUST-0072,PROD-02,2026-05-14,269.1,USD,Settled
TXN-10810,CUST-0073,PROD-01,2026-06-26,89.1,USD,Failed
TXN-10811,CUST-0073,PROD-01,2026-07-26,89.1,USD,Settled
TXN-10812,CUST-0074,PROD-03,2025-04-28,999.0,USD,Settled
TXN-10813,CUST-0074,PROD-03,2025-05-28,899.1,USD,Settled
TXN-10814,CUST-0074,PROD-03,2025-06-27,899.1,USD,Settled
TXN-10815,CUST-0074,PROD-03,2025-07-27,899.1,USD,Settled
TXN-10816,CUST-0074,PROD-03,2025-08-26,999.0,USD,Settled
TXN-10817,CUST-0074,PROD-03,2025-09-25,999.0,USD,Settled
TXN-10818,CUST-0074,PROD-03,2025-10-25,999.0,USD,Settled
TXN-10819,CUST-0074,PROD-03,2025-11-24,999.0,USD,Settled
TXN-10820,CUST-0074,PROD-03,2025-12-24,899.1,USD,Settled
TXN-10821,CUST-0074,PROD-03,2026-01-23,999.0,USD,Settled
TXN-10822,CUST-0074,PROD-03,2026-02-22,999.0,USD,Settled
TXN-10823,CUST-0074,PROD-03,2026-03-24,999.0,USD,Settled
TXN-10824,CUST-0074,PROD-03,2026-04-23,999.0,USD,Settled
TXN-10825,CUST-0074,PROD-03,2026-05-23,999.0,USD,Failed
TXN-10826,CUST-0074,PROD-03,2026-06-22,999.0,USD,Settled
TXN-10827,CUST-0074,PROD-03,2026-07-22,899.1,USD,Settled
TXN-10828,CUST-0075,PROD-01,2026-07-17,99.0,USD,Settled
TXN-10829,CUST-0076,PROD-03,2024-08-16,899.1,USD,Settled
TXN-10830,CUST-0076,PROD-03,2024-09-15,799.2,USD,Settled
TXN-10831,CUST-0076,PROD-03,2024-10-15,799.2,USD,Refunded
TXN-10832,CUST-0076,PROD-03,2024-11-14,999.0,USD,Settled
TXN-10833,CUST-0076,PROD-03,2024-12-14,899.1,USD,Settled
TXN-10834,CUST-0076,PROD-03,2025-01-13,999.0,USD,Settled
TXN-10835,CUST-0076,PROD-03,2025-02-12,999.0,USD,Settled
TXN-10836,CUST-0076,PROD-03,2025-03-14,999.0,USD,Settled
TXN-10837,CUST-0076,PROD-03,2025-04-13,999.0,USD,Settled
TXN-10838,CUST-0077,PROD-02,2026-04-12,299.0,USD,Refunded
TXN-10839,CUST-0077,PROD-02,2026-05-12,299.0,USD,Settled
TXN-10840,CUST-0077,PROD-02,2026-06-11,269.1,USD,Settled
TXN-10841,CUST-0077,PROD-02,2026-07-11,299.0,USD,Settled
TXN-10842,CUST-0078,PROD-03,2025-05-21,999.0,USD,Settled
TXN-10843,CUST-0079,PROD-01,2026-04-23,89.1,USD,Settled
TXN-10844,CUST-0079,PROD-01,2026-05-23,99.0,USD,Settled
TXN-10845,CUST-0079,PROD-01,2026-06-22,99.0,USD,Settled
TXN-10846,CUST-0079,PROD-01,2026-07-22,89.1,USD,Settled
TXN-10847,CUST-0080,PROD-01,2025-01-17,89.1,USD,Refunded
TXN-10848,CUST-0080,PROD-01,2025-02-16,89.1,USD,Settled
TXN-10849,CUST-0080,PROD-01,2025-03-18,99.0,USD,Settled
TXN-10850,CUST-0080,PROD-01,2025-04-17,89.1,USD,Settled
TXN-10851,CUST-0080,PROD-01,2025-05-17,99.0,USD,Settled
TXN-10852,CUST-0080,PROD-01,2025-06-16,99.0,USD,Settled
TXN-10853,CUST-0080,PROD-01,2025-07-16,99.0,USD,Settled
TXN-10854,CUST-0080,PROD-01,2025-08-15,99.0,USD,Settled
TXN-10855,CUST-0080,PROD-01,2025-09-14,99.0,USD,Refunded
TXN-10856,CUST-0080,PROD-01,2025-10-14,99.0,USD,Failed
TXN-10857,CUST-0080,PROD-01,2025-11-13,99.0,USD,Settled
TXN-10858,CUST-0080,PROD-01,2025-12-13,79.2,USD,Settled
TXN-10859,CUST-0080,PROD-01,2026-01-12,89.1,USD,Settled
TXN-10860,CUST-0080,PROD-01,2026-02-11,99.0,USD,Failed
TXN-10861,CUST-0080,PROD-01,2026-03-13,89.1,USD,Settled
TXN-10862,CUST-0080,PROD-01,2026-04-12,99.0,USD,Settled
TXN-10863,CUST-0080,PROD-01,2026-05-12,99.0,USD,Settled
TXN-10864,CUST-0080,PROD-01,2026-06-11,99.0,USD,Settled
TXN-10865,CUST-0081,PROD-01,2025-03-01,99.0,USD,Settled
TXN-10866,CUST-0081,PROD-01,2025-03-31,89.1,USD,Settled
TXN-10867,CUST-0081,PROD-01,2025-04-30,99.0,USD,Settled
TXN-10868,CUST-0081,PROD-01,2025-05-30,89.1,USD,Settled
TXN-10869,CUST-0081,PROD-01,2025-06-29,99.0,USD,Settled
TXN-10870,CUST-0081,PROD-01,2025-07-29,99.0,USD,Settled
TXN-10871,CUST-0081,PROD-01,2025-08-28,99.0,USD,Settled
TXN-10872,CUST-0081,PROD-01,2025-09-27,99.0,USD,Settled
TXN-10873,CUST-0081,PROD-01,2025-10-27,99.0,USD,Settled
TXN-10874,CUST-0081,PROD-01,2025-11-26,99.0,USD,Settled
TXN-10875,CUST-0081,PROD-01,2025-12-26,99.0,USD,Settled
TXN-10876,CUST-0081,PROD-01,2026-01-25,99.0,USD,Settled
TXN-10877,CUST-0081,PROD-01,2026-02-24,99.0,USD,Settled
TXN-10878,CUST-0081,PROD-01,2026-03-26,99.0,USD,Settled
TXN-10879,CUST-0081,PROD-01,2026-04-25,99.0,USD,Settled
TXN-10880,CUST-0081,PROD-01,2026-05-25,99.0,USD,Settled
TXN-10881,CUST-0081,PROD-01,2026-06-24,99.0,USD,Settled
TXN-10882,CUST-0081,PROD-01,2026-07-24,99.0,USD,Settled
TXN-10883,CUST-0082,PROD-02,2025-12-08,299.0,USD,Settled
TXN-10884,CUST-0082,PROD-02,2026-01-07,299.0,USD,Settled
TXN-10885,CUST-0082,PROD-02,2026-02-06,299.0,USD,Settled
TXN-10886,CUST-0082,PROD-02,2026-03-08,299.0,USD,Settled
TXN-10887,CUST-0082,PROD-02,2026-04-07,299.0,USD,Settled
TXN-10888,CUST-0082,PROD-02,2026-05-07,299.0,USD,Settled
TXN-10889,CUST-0082,PROD-02,2026-06-06,299.0,USD,Settled
TXN-10890,CUST-0082,PROD-02,2026-07-06,299.0,USD,Settled
TXN-10891,CUST-0083,PROD-02,2024-10-25,299.0,USD,Settled
TXN-10892,CUST-0083,PROD-02,2024-11-24,269.1,USD,Settled
TXN-10893,CUST-0083,PROD-02,2024-12-24,269.1,USD,Settled
TXN-10894,CUST-0083,PROD-02,2025-01-23,299.0,USD,Settled
TXN-10895,CUST-0083,PROD-02,2025-02-22,299.0,USD,Settled
TXN-10896,CUST-0083,PROD-02,2025-03-24,269.1,USD,Settled
TXN-10897,CUST-0083,PROD-02,2025-04-23,299.0,USD,Settled
TXN-10898,CUST-0083,PROD-02,2025-05-23,239.2,USD,Refunded
TXN-10899,CUST-0083,PROD-02,2025-06-22,299.0,USD,Settled
TXN-10900,CUST-0083,PROD-02,2025-07-22,299.0,USD,Failed
TXN-10901,CUST-0083,PROD-02,2025-08-21,269.1,USD,Settled
TXN-10902,CUST-0083,PROD-02,2025-09-20,269.1,USD,Settled
TXN-10903,CUST-0083,PROD-02,2025-10-20,299.0,USD,Settled
TXN-10904,CUST-0083,PROD-02,2025-11-19,299.0,USD,Settled
TXN-10905,CUST-0083,PROD-02,2025-12-19,299.0,USD,Settled
TXN-10906,CUST-0083,PROD-02,2026-01-18,299.0,USD,Settled
TXN-10907,CUST-0083,PROD-02,2026-02-17,299.0,USD,Settled
TXN-10908,CUST-0083,PROD-02,2026-03-19,299.0,USD,Settled
TXN-10909,CUST-0083,PROD-02,2026-04-18,299.0,USD,Settled
TXN-10910,CUST-0083,PROD-02,2026-05-18,299.0,USD,Settled
TXN-10911,CUST-0083,PROD-02,2026-06-17,299.0,USD,Settled
TXN-10912,CUST-0083,PROD-02,2026-07-17,299.0,USD,Settled
TXN-10913,CUST-0084,PROD-01,2024-08-26,89.1,USD,Settled
TXN-10914,CUST-0084,PROD-01,2024-09-25,99.0,USD,Settled
TXN-10915,CUST-0084,PROD-01,2024-10-25,99.0,USD,Settled
TXN-10916,CUST-0084,PROD-01,2024-11-24,99.0,USD,Settled
TXN-10917,CUST-0084,PROD-01,2024-12-24,99.0,USD,Settled
TXN-10918,CUST-0084,PROD-01,2025-01-23,79.2,USD,Settled
TXN-10919,CUST-0084,PROD-01,2025-02-22,99.0,USD,Settled
TXN-10920,CUST-0084,PROD-01,2025-03-24,99.0,USD,Settled
TXN-10921,CUST-0084,PROD-01,2025-04-23,99.0,USD,Settled
TXN-10922,CUST-0084,PROD-01,2025-05-23,89.1,USD,Settled
TXN-10923,CUST-0084,PROD-01,2025-06-22,99.0,USD,Settled
TXN-10924,CUST-0084,PROD-01,2025-07-22,89.1,USD,Settled
TXN-10925,CUST-0085,PROD-01,2025-07-01,99.0,USD,Settled
TXN-10926,CUST-0085,PROD-01,2025-07-31,99.0,USD,Settled
TXN-10927,CUST-0085,PROD-01,2025-08-30,99.0,USD,Settled
TXN-10928,CUST-0085,PROD-01,2025-09-29,99.0,USD,Settled
TXN-10929,CUST-0085,PROD-01,2025-10-29,99.0,USD,Settled
TXN-10930,CUST-0085,PROD-01,2025-11-28,99.0,USD,Settled
TXN-10931,CUST-0085,PROD-01,2025-12-28,99.0,USD,Settled
TXN-10932,CUST-0085,PROD-01,2026-01-27,99.0,USD,Settled
TXN-10933,CUST-0085,PROD-01,2026-02-26,99.0,USD,Settled
TXN-10934,CUST-0085,PROD-01,2026-03-28,79.2,USD,Settled
TXN-10935,CUST-0085,PROD-01,2026-04-27,99.0,USD,Settled
TXN-10936,CUST-0085,PROD-01,2026-05-27,99.0,USD,Settled
TXN-10937,CUST-0085,PROD-01,2026-06-26,99.0,USD,Settled
TXN-10938,CUST-0085,PROD-01,2026-07-26,99.0,USD,Settled
TXN-10939,CUST-0086,PROD-03,2025-02-10,899.1,USD,Settled
TXN-10940,CUST-0086,PROD-03,2025-03-12,999.0,USD,Settled
TXN-10941,CUST-0086,PROD-03,2025-04-11,999.0,USD,Settled
TXN-10942,CUST-0086,PROD-03,2025-05-11,999.0,USD,Settled
TXN-10943,CUST-0086,PROD-03,2025-06-10,999.0,USD,Settled
TXN-10944,CUST-0086,PROD-03,2025-07-10,899.1,USD,Settled
TXN-10945,CUST-0086,PROD-03,2025-08-09,999.0,USD,Settled
TXN-10946,CUST-0086,PROD-03,2025-09-08,999.0,USD,Failed
TXN-10947,CUST-0086,PROD-03,2025-10-08,899.1,USD,Settled
TXN-10948,CUST-0086,PROD-03,2025-11-07,899.1,USD,Settled
TXN-10949,CUST-0086,PROD-03,2025-12-07,999.0,USD,Settled
TXN-10950,CUST-0086,PROD-03,2026-01-06,899.1,USD,Settled
TXN-10951,CUST-0086,PROD-03,2026-02-05,999.0,USD,Settled
TXN-10952,CUST-0086,PROD-03,2026-03-07,799.2,USD,Settled
TXN-10953,CUST-0086,PROD-03,2026-04-06,999.0,USD,Settled
TXN-10954,CUST-0086,PROD-03,2026-05-06,999.0,USD,Settled
TXN-10955,CUST-0086,PROD-03,2026-06-05,999.0,USD,Settled
TXN-10956,CUST-0086,PROD-03,2026-07-05,899.1,USD,Settled
TXN-10957,CUST-0087,PROD-02,2026-07-16,269.1,USD,Settled
TXN-10958,CUST-0088,PROD-02,2025-05-06,299.0,USD,Settled
TXN-10959,CUST-0088,PROD-02,2025-06-05,299.0,USD,Settled
TXN-10960,CUST-0088,PROD-02,2025-07-05,299.0,USD,Settled
TXN-10961,CUST-0088,PROD-02,2025-08-04,299.0,USD,Settled
TXN-10962,CUST-0088,PROD-02,2025-09-03,299.0,USD,Settled
TXN-10963,CUST-0088,PROD-02,2025-10-03,299.0,USD,Settled
TXN-10964,CUST-0088,PROD-02,2025-11-02,299.0,USD,Settled
TXN-10965,CUST-0088,PROD-02,2025-12-02,269.1,USD,Settled
TXN-10966,CUST-0088,PROD-02,2026-01-01,299.0,USD,Settled
TXN-10967,CUST-0088,PROD-02,2026-01-31,299.0,USD,Settled
TXN-10968,CUST-0088,PROD-02,2026-03-02,299.0,USD,Settled
TXN-10969,CUST-0088,PROD-02,2026-04-01,299.0,USD,Settled
TXN-10970,CUST-0088,PROD-02,2026-05-01,299.0,USD,Settled
TXN-10971,CUST-0088,PROD-02,2026-05-31,299.0,USD,Settled
TXN-10972,CUST-0088,PROD-02,2026-06-30,299.0,USD,Settled
TXN-10973,CUST-0089,PROD-02,2025-11-24,299.0,USD,Settled
TXN-10974,CUST-0089,PROD-02,2025-12-24,299.0,USD,Settled
TXN-10975,CUST-0089,PROD-02,2026-01-23,299.0,USD,Settled
TXN-10976,CUST-0089,PROD-02,2026-02-22,239.2,USD,Settled
TXN-10977,CUST-0089,PROD-02,2026-03-24,299.0,USD,Settled
TXN-10978,CUST-0090,PROD-01,2025-08-25,99.0,USD,Settled
TXN-10979,CUST-0090,PROD-01,2025-09-24,99.0,USD,Settled
TXN-10980,CUST-0090,PROD-01,2025-10-24,99.0,USD,Settled
TXN-10981,CUST-0090,PROD-01,2025-11-23,99.0,USD,Settled
TXN-10982,CUST-0090,PROD-01,2025-12-23,89.1,USD,Settled
TXN-10983,CUST-0090,PROD-01,2026-01-22,99.0,USD,Settled
TXN-10984,CUST-0090,PROD-01,2026-02-21,89.1,USD,Failed
TXN-10985,CUST-0090,PROD-01,2026-03-23,89.1,USD,Settled
TXN-10986,CUST-0090,PROD-01,2026-04-22,89.1,USD,Settled
TXN-10987,CUST-0090,PROD-01,2026-05-22,99.0,USD,Settled
TXN-10988,CUST-0090,PROD-01,2026-06-21,99.0,USD,Settled
TXN-10989,CUST-0090,PROD-01,2026-07-21,99.0,USD,Settled
TXN-10990,CUST-0091,PROD-02,2025-10-01,269.1,USD,Settled
TXN-10991,CUST-0091,PROD-02,2025-10-31,299.0,USD,Failed
TXN-10992,CUST-0091,PROD-02,2025-11-30,299.0,USD,Settled
TXN-10993,CUST-0091,PROD-02,2025-12-30,299.0,USD,Settled
TXN-10994,CUST-0091,PROD-02,2026-01-29,299.0,USD,Settled
TXN-10995,CUST-0091,PROD-02,2026-02-28,299.0,USD,Settled
TXN-10996,CUST-0091,PROD-02,2026-03-30,299.0,USD,Settled
TXN-10997,CUST-0091,PROD-02,2026-04-29,299.0,USD,Settled
TXN-10998,CUST-0091,PROD-02,2026-05-29,299.0,USD,Settled
TXN-10999,CUST-0091,PROD-02,2026-06-28,299.0,USD,Settled
TXN-11000,CUST-0091,PROD-02,2026-07-28,299.0,USD,Settled
TXN-11001,CUST-0092,PROD-01,2026-01-05,99.0,USD,Settled
TXN-11002,CUST-0092,PROD-01,2026-02-04,99.0,USD,Settled
TXN-11003,CUST-0092,PROD-01,2026-03-06,99.0,USD,Settled
TXN-11004,CUST-0092,PROD-01,2026-04-05,89.1,USD,Settled
TXN-11005,CUST-0092,PROD-01,2026-05-05,99.0,USD,Settled
TXN-11006,CUST-0092,PROD-01,2026-06-04,99.0,USD,Settled
TXN-11007,CUST-0092,PROD-01,2026-07-04,99.0,USD,Failed
TXN-11008,CUST-0093,PROD-01,2026-05-06,99.0,USD,Settled
TXN-11009,CUST-0093,PROD-01,2026-06-05,99.0,USD,Settled
TXN-11010,CUST-0093,PROD-01,2026-07-05,99.0,USD,Settled
TXN-11011,CUST-0094,PROD-01,2026-03-30,99.0,USD,Settled
TXN-11012,CUST-0094,PROD-01,2026-04-29,99.0,USD,Settled
TXN-11013,CUST-0094,PROD-01,2026-05-29,99.0,USD,Settled
TXN-11014,CUST-0094,PROD-01,2026-06-28,99.0,USD,Settled
TXN-11015,CUST-0094,PROD-01,2026-07-28,99.0,USD,Refunded
TXN-11016,CUST-0095,PROD-02,2025-08-29,299.0,USD,Settled
TXN-11017,CUST-0095,PROD-02,2025-09-28,299.0,USD,Settled
TXN-11018,CUST-0095,PROD-02,2025-10-28,299.0,USD,Settled
TXN-11019,CUST-0095,PROD-02,2025-11-27,299.0,USD,Settled
TXN-11020,CUST-0095,PROD-02,2025-12-27,269.1,USD,Settled
TXN-11021,CUST-0095,PROD-02,2026-01-26,299.0,USD,Settled
TXN-11022,CUST-0096,PROD-01,2025-12-21,99.0,USD,Settled
TXN-11023,CUST-0096,PROD-01,2026-01-20,99.0,USD,Settled
TXN-11024,CUST-0096,PROD-01,2026-02-19,99.0,USD,Settled
TXN-11025,CUST-0096,PROD-01,2026-03-21,99.0,USD,Settled
TXN-11026,CUST-0096,PROD-01,2026-04-20,99.0,USD,Settled
TXN-11027,CUST-0096,PROD-01,2026-05-20,79.2,USD,Settled
TXN-11028,CUST-0096,PROD-01,2026-06-19,99.0,USD,Settled
TXN-11029,CUST-0096,PROD-01,2026-07-19,99.0,USD,Settled
TXN-11030,CUST-0097,PROD-02,2025-04-14,299.0,USD,Settled
TXN-11031,CUST-0097,PROD-02,2025-05-14,299.0,USD,Failed
TXN-11032,CUST-0097,PROD-02,2025-06-13,299.0,USD,Settled
TXN-11033,CUST-0097,PROD-02,2025-07-13,269.1,USD,Settled
TXN-11034,CUST-0097,PROD-02,2025-08-12,299.0,USD,Settled
TXN-11035,CUST-0097,PROD-02,2025-09-11,299.0,USD,Settled
TXN-11036,CUST-0097,PROD-02,2025-10-11,299.0,USD,Settled
TXN-11037,CUST-0097,PROD-02,2025-11-10,269.1,USD,Settled
TXN-11038,CUST-0097,PROD-02,2025-12-10,299.0,USD,Settled
TXN-11039,CUST-0097,PROD-02,2026-01-09,299.0,USD,Settled
TXN-11040,CUST-0097,PROD-02,2026-02-08,299.0,USD,Settled
TXN-11041,CUST-0097,PROD-02,2026-03-10,299.0,USD,Settled
TXN-11042,CUST-0097,PROD-02,2026-04-09,299.0,USD,Settled
TXN-11043,CUST-0097,PROD-02,2026-05-09,239.2,USD,Settled
TXN-11044,CUST-0097,PROD-02,2026-06-08,299.0,USD,Settled
TXN-11045,CUST-0097,PROD-02,2026-07-08,299.0,USD,Settled
TXN-11046,CUST-0098,PROD-01,2025-01-18,99.0,USD,Settled
TXN-11047,CUST-0098,PROD-01,2025-02-17,99.0,USD,Settled
TXN-11048,CUST-0098,PROD-01,2025-03-19,79.2,USD,Settled
TXN-11049,CUST-0098,PROD-01,2025-04-18,99.0,USD,Settled
TXN-11050,CUST-0098,PROD-01,2025-05-18,99.0,USD,Settled
TXN-11051,CUST-0098,PROD-01,2025-06-17,99.0,USD,Settled
TXN-11052,CUST-0098,PROD-01,2025-07-17,89.1,USD,Settled
TXN-11053,CUST-0098,PROD-01,2025-08-16,99.0,USD,Settled
TXN-11054,CUST-0098,PROD-01,2025-09-15,99.0,USD,Settled
TXN-11055,CUST-0098,PROD-01,2025-10-15,99.0,USD,Settled
TXN-11056,CUST-0098,PROD-01,2025-11-14,99.0,USD,Refunded
TXN-11057,CUST-0098,PROD-01,2025-12-14,99.0,USD,Settled
TXN-11058,CUST-0098,PROD-01,2026-01-13,89.1,USD,Settled
TXN-11059,CUST-0098,PROD-01,2026-02-12,99.0,USD,Settled
TXN-11060,CUST-0098,PROD-01,2026-03-14,99.0,USD,Settled
TXN-11061,CUST-0098,PROD-01,2026-04-13,99.0,USD,Settled
TXN-11062,CUST-0098,PROD-01,2026-05-13,99.0,USD,Settled
TXN-11063,CUST-0098,PROD-01,2026-06-12,89.1,USD,Settled
TXN-11064,CUST-0098,PROD-01,2026-07-12,79.2,USD,Refunded
TXN-11065,CUST-0099,PROD-02,2025-08-01,299.0,USD,Settled
TXN-11066,CUST-0099,PROD-02,2025-08-31,299.0,USD,Settled
TXN-11067,CUST-0099,PROD-02,2025-09-30,269.1,USD,Settled
TXN-11068,CUST-0099,PROD-02,2025-10-30,299.0,USD,Settled
TXN-11069,CUST-0099,PROD-02,2025-11-29,299.0,USD,Settled
TXN-11070,CUST-0099,PROD-02,2025-12-29,239.2,USD,Settled
TXN-11071,CUST-0099,PROD-02,2026-01-28,299.0,USD,Settled
TXN-11072,CUST-0099,PROD-02,2026-02-27,299.0,USD,Settled
TXN-11073,CUST-0099,PROD-02,2026-03-29,299.0,USD,Settled
TXN-11074,CUST-0099,PROD-02,2026-04-28,299.0,USD,Settled
TXN-11075,CUST-0099,PROD-02,2026-05-28,269.1,USD,Settled
TXN-11076,CUST-0099,PROD-02,2026-06-27,299.0,USD,Settled
TXN-11077,CUST-0099,PROD-02,2026-07-27,299.0,USD,Settled
TXN-11078,CUST-0100,PROD-01,2024-12-26,99.0,USD,Settled
TXN-11079,CUST-0100,PROD-01,2025-01-25,99.0,USD,Settled
TXN-11080,CUST-0100,PROD-01,2025-02-24,99.0,USD,Settled
TXN-11081,CUST-0100,PROD-01,2025-03-26,89.1,USD,Settled
TXN-11082,CUST-0100,PROD-01,2025-04-25,99.0,USD,Settled
TXN-11083,CUST-0100,PROD-01,2025-05-25,99.0,USD,Settled
TXN-11084,CUST-0100,PROD-01,2025-06-24,99.0,USD,Settled
TXN-11085,CUST-0100,PROD-01,2025-07-24,79.2,USD,Refunded
TXN-11086,CUST-0100,PROD-01,2025-08-23,99.0,USD,Settled
TXN-11087,CUST-0100,PROD-01,2025-09-22,99.0,USD,Settled
TXN-11088,CUST-0100,PROD-01,2025-10-22,89.1,USD,Settled
TXN-11089,CUST-0100,PROD-01,2025-11-21,99.0,USD,Settled
TXN-11090,CUST-0100,PROD-01,2025-12-21,99.0,USD,Settled
TXN-11091,CUST-0100,PROD-01,2026-01-20,99.0,USD,Settled
TXN-11092,CUST-0100,PROD-01,2026-02-19,99.0,USD,Settled
TXN-11093,CUST-0100,PROD-01,2026-03-21,99.0,USD,Settled
TXN-11094,CUST-0100,PROD-01,2026-04-20,99.0,USD,Settled
TXN-11095,CUST-0100,PROD-01,2026-05-20,99.0,USD,Settled
TXN-11096,CUST-0100,PROD-01,2026-06-19,99.0,USD,Settled
TXN-11097,CUST-0100,PROD-01,2026-07-19,89.1,USD,Settled
TXN-11098,CUST-0101,PROD-01,2026-06-21,99.0,USD,Settled
TXN-11099,CUST-0101,PROD-01,2026-07-21,99.0,USD,Settled
TXN-11100,CUST-0102,PROD-01,2026-04-13,99.0,USD,Settled
TXN-11101,CUST-0102,PROD-01,2026-05-13,99.0,USD,Settled
TXN-11102,CUST-0102,PROD-01,2026-06-12,99.0,USD,Settled
TXN-11103,CUST-0102,PROD-01,2026-07-12,99.0,USD,Settled
TXN-11104,CUST-0103,PROD-01,2025-07-17,99.0,USD,Failed
TXN-11105,CUST-0103,PROD-01,2025-08-16,79.2,USD,Settled
TXN-11106,CUST-0103,PROD-01,2025-09-15,99.0,USD,Settled
TXN-11107,CUST-0103,PROD-01,2025-10-15,99.0,USD,Refunded
TXN-11108,CUST-0103,PROD-01,2025-11-14,99.0,USD,Settled
TXN-11109,CUST-0103,PROD-01,2025-12-14,99.0,USD,Settled
TXN-11110,CUST-0103,PROD-01,2026-01-13,89.1,USD,Settled
TXN-11111,CUST-0103,PROD-01,2026-02-12,89.1,USD,Settled
TXN-11112,CUST-0103,PROD-01,2026-03-14,89.1,USD,Settled
TXN-11113,CUST-0103,PROD-01,2026-04-13,89.1,USD,Settled
TXN-11114,CUST-0103,PROD-01,2026-05-13,99.0,USD,Settled
TXN-11115,CUST-0103,PROD-01,2026-06-12,99.0,USD,Settled
TXN-11116,CUST-0103,PROD-01,2026-07-12,99.0,USD,Settled
TXN-11117,CUST-0104,PROD-03,2025-10-05,999.0,USD,Refunded
TXN-11118,CUST-0104,PROD-03,2025-11-04,999.0,USD,Settled
TXN-11119,CUST-0104,PROD-03,2025-12-04,999.0,USD,Settled
TXN-11120,CUST-0104,PROD-03,2026-01-03,999.0,USD,Settled
TXN-11121,CUST-0104,PROD-03,2026-02-02,999.0,USD,Settled
TXN-11122,CUST-0104,PROD-03,2026-03-04,999.0,USD,Settled
TXN-11123,CUST-0104,PROD-03,2026-04-03,999.0,USD,Settled
TXN-11124,CUST-0104,PROD-03,2026-05-03,999.0,USD,Settled
TXN-11125,CUST-0104,PROD-03,2026-06-02,999.0,USD,Settled
TXN-11126,CUST-0104,PROD-03,2026-07-02,999.0,USD,Settled
TXN-11127,CUST-0105,PROD-01,2025-06-24,99.0,USD,Settled
TXN-11128,CUST-0105,PROD-01,2025-07-24,99.0,USD,Settled
TXN-11129,CUST-0105,PROD-01,2025-08-23,99.0,USD,Settled
TXN-11130,CUST-0105,PROD-01,2025-09-22,99.0,USD,Settled
TXN-11131,CUST-0105,PROD-01,2025-10-22,99.0,USD,Refunded
TXN-11132,CUST-0105,PROD-01,2025-11-21,99.0,USD,Settled
TXN-11133,CUST-0105,PROD-01,2025-12-21,99.0,USD,Settled
TXN-11134,CUST-0105,PROD-01,2026-01-20,99.0,USD,Settled
TXN-11135,CUST-0105,PROD-01,2026-02-19,99.0,USD,Settled
TXN-11136,CUST-0105,PROD-01,2026-03-21,89.1,USD,Settled
TXN-11137,CUST-0105,PROD-01,2026-04-20,89.1,USD,Settled
TXN-11138,CUST-0105,PROD-01,2026-05-20,99.0,USD,Settled
TXN-11139,CUST-0105,PROD-01,2026-06-19,99.0,USD,Settled
TXN-11140,CUST-0105,PROD-01,2026-07-19,99.0,USD,Settled
TXN-11141,CUST-0106,PROD-01,2025-02-14,89.1,USD,Settled
TXN-11142,CUST-0106,PROD-01,2025-03-16,99.0,USD,Settled
TXN-11143,CUST-0106,PROD-01,2025-04-15,99.0,USD,Settled
TXN-11144,CUST-0106,PROD-01,2025-05-15,99.0,USD,Settled
TXN-11145,CUST-0106,PROD-01,2025-06-14,99.0,USD,Settled
TXN-11146,CUST-0106,PROD-01,2025-07-14,89.1,USD,Settled
TXN-11147,CUST-0106,PROD-01,2025-08-13,99.0,USD,Settled
TXN-11148,CUST-0106,PROD-01,2025-09-12,99.0,USD,Settled
TXN-11149,CUST-0106,PROD-01,2025-10-12,99.0,USD,Settled
TXN-11150,CUST-0106,PROD-01,2025-11-11,99.0,USD,Settled
TXN-11151,CUST-0106,PROD-01,2025-12-11,89.1,USD,Settled
TXN-11152,CUST-0106,PROD-01,2026-01-10,89.1,USD,Settled
TXN-11153,CUST-0106,PROD-01,2026-02-09,99.0,USD,Settled
TXN-11154,CUST-0106,PROD-01,2026-03-11,99.0,USD,Settled
TXN-11155,CUST-0106,PROD-01,2026-04-10,99.0,USD,Settled
TXN-11156,CUST-0106,PROD-01,2026-05-10,89.1,USD,Settled
TXN-11157,CUST-0106,PROD-01,2026-06-09,99.0,USD,Settled
TXN-11158,CUST-0106,PROD-01,2026-07-09,99.0,USD,Settled
TXN-11159,CUST-0107,PROD-03,2025-08-08,899.1,USD,Settled
TXN-11160,CUST-0107,PROD-03,2025-09-07,799.2,USD,Settled
TXN-11161,CUST-0107,PROD-03,2025-10-07,999.0,USD,Settled
TXN-11162,CUST-0107,PROD-03,2025-11-06,999.0,USD,Settled
TXN-11163,CUST-0107,PROD-03,2025-12-06,999.0,USD,Settled
TXN-11164,CUST-0107,PROD-03,2026-01-05,999.0,USD,Settled
TXN-11165,CUST-0107,PROD-03,2026-02-04,999.0,USD,Settled
TXN-11166,CUST-0107,PROD-03,2026-03-06,999.0,USD,Settled
TXN-11167,CUST-0107,PROD-03,2026-04-05,999.0,USD,Refunded
TXN-11168,CUST-0107,PROD-03,2026-05-05,999.0,USD,Settled
TXN-11169,CUST-0107,PROD-03,2026-06-04,999.0,USD,Settled
TXN-11170,CUST-0107,PROD-03,2026-07-04,999.0,USD,Settled
TXN-11171,CUST-0108,PROD-01,2025-02-24,99.0,USD,Settled
TXN-11172,CUST-0108,PROD-01,2025-03-26,99.0,USD,Failed
TXN-11173,CUST-0108,PROD-01,2025-04-25,99.0,USD,Settled
TXN-11174,CUST-0108,PROD-01,2025-05-25,89.1,USD,Settled
TXN-11175,CUST-0108,PROD-01,2025-06-24,99.0,USD,Settled
TXN-11176,CUST-0108,PROD-01,2025-07-24,99.0,USD,Settled
TXN-11177,CUST-0108,PROD-01,2025-08-23,99.0,USD,Settled
TXN-11178,CUST-0108,PROD-01,2025-09-22,99.0,USD,Settled
TXN-11179,CUST-0108,PROD-01,2025-10-22,99.0,USD,Settled
TXN-11180,CUST-0108,PROD-01,2025-11-21,99.0,USD,Settled
TXN-11181,CUST-0108,PROD-01,2025-12-21,99.0,USD,Settled
TXN-11182,CUST-0108,PROD-01,2026-01-20,99.0,USD,Settled
TXN-11183,CUST-0108,PROD-01,2026-02-19,99.0,USD,Settled
TXN-11184,CUST-0108,PROD-01,2026-03-21,99.0,USD,Settled
TXN-11185,CUST-0108,PROD-01,2026-04-20,99.0,USD,Settled
TXN-11186,CUST-0109,PROD-01,2024-11-22,99.0,USD,Settled
TXN-11187,CUST-0109,PROD-01,2024-12-22,99.0,USD,Settled
TXN-11188,CUST-0109,PROD-01,2025-01-21,99.0,USD,Settled
TXN-11189,CUST-0109,PROD-01,2025-02-20,79.2,USD,Settled
TXN-11190,CUST-0109,PROD-01,2025-03-22,99.0,USD,Settled
TXN-11191,CUST-0109,PROD-01,2025-04-21,99.0,USD,Settled
TXN-11192,CUST-0109,PROD-01,2025-05-21,79.2,USD,Settled
TXN-11193,CUST-0109,PROD-01,2025-06-20,89.1,USD,Settled
TXN-11194,CUST-0109,PROD-01,2025-07-20,89.1,USD,Settled
TXN-11195,CUST-0109,PROD-01,2025-08-19,99.0,USD,Settled
TXN-11196,CUST-0109,PROD-01,2025-09-18,99.0,USD,Settled
TXN-11197,CUST-0109,PROD-01,2025-10-18,99.0,USD,Settled
TXN-11198,CUST-0109,PROD-01,2025-11-17,89.1,USD,Settled
TXN-11199,CUST-0109,PROD-01,2025-12-17,99.0,USD,Settled
TXN-11200,CUST-0109,PROD-01,2026-01-16,99.0,USD,Settled
TXN-11201,CUST-0109,PROD-01,2026-02-15,99.0,USD,Settled
TXN-11202,CUST-0109,PROD-01,2026-03-17,99.0,USD,Settled
TXN-11203,CUST-0109,PROD-01,2026-04-16,89.1,USD,Settled
TXN-11204,CUST-0109,PROD-01,2026-05-16,99.0,USD,Settled
TXN-11205,CUST-0109,PROD-01,2026-06-15,99.0,USD,Settled
TXN-11206,CUST-0109,PROD-01,2026-07-15,99.0,USD,Settled
TXN-11207,CUST-0110,PROD-01,2024-09-15,99.0,USD,Settled
TXN-11208,CUST-0110,PROD-01,2024-10-15,99.0,USD,Settled
TXN-11209,CUST-0110,PROD-01,2024-11-14,99.0,USD,Settled
TXN-11210,CUST-0110,PROD-01,2024-12-14,89.1,USD,Settled
TXN-11211,CUST-0110,PROD-01,2025-01-13,99.0,USD,Settled
TXN-11212,CUST-0110,PROD-01,2025-02-12,99.0,USD,Settled
TXN-11213,CUST-0110,PROD-01,2025-03-14,99.0,USD,Settled
TXN-11214,CUST-0110,PROD-01,2025-04-13,99.0,USD,Settled
TXN-11215,CUST-0110,PROD-01,2025-05-13,89.1,USD,Settled
TXN-11216,CUST-0110,PROD-01,2025-06-12,99.0,USD,Settled
TXN-11217,CUST-0110,PROD-01,2025-07-12,99.0,USD,Settled
TXN-11218,CUST-0110,PROD-01,2025-08-11,99.0,USD,Settled
TXN-11219,CUST-0110,PROD-01,2025-09-10,99.0,USD,Settled
TXN-11220,CUST-0110,PROD-01,2025-10-10,99.0,USD,Settled
TXN-11221,CUST-0110,PROD-01,2025-11-09,99.0,USD,Settled
TXN-11222,CUST-0110,PROD-01,2025-12-09,99.0,USD,Settled
TXN-11223,CUST-0110,PROD-01,2026-01-08,99.0,USD,Settled
TXN-11224,CUST-0110,PROD-01,2026-02-07,99.0,USD,Settled
TXN-11225,CUST-0110,PROD-01,2026-03-09,99.0,USD,Settled
TXN-11226,CUST-0110,PROD-01,2026-04-08,89.1,USD,Settled
TXN-11227,CUST-0110,PROD-01,2026-05-08,99.0,USD,Settled
TXN-11228,CUST-0110,PROD-01,2026-06-07,99.0,USD,Failed
TXN-11229,CUST-0110,PROD-01,2026-07-07,99.0,USD,Settled
TXN-11230,CUST-0111,PROD-01,2024-09-14,89.1,USD,Settled
TXN-11231,CUST-0111,PROD-01,2024-10-14,99.0,USD,Settled
TXN-11232,CUST-0111,PROD-01,2024-11-13,89.1,USD,Settled
TXN-11233,CUST-0111,PROD-01,2024-12-13,99.0,USD,Settled
TXN-11234,CUST-0111,PROD-01,2025-01-12,99.0,USD,Settled
TXN-11235,CUST-0111,PROD-01,2025-02-11,99.0,USD,Settled
TXN-11236,CUST-0111,PROD-01,2025-03-13,99.0,USD,Settled
TXN-11237,CUST-0111,PROD-01,2025-04-12,99.0,USD,Settled
TXN-11238,CUST-0111,PROD-01,2025-05-12,99.0,USD,Settled
TXN-11239,CUST-0111,PROD-01,2025-06-11,89.1,USD,Settled
TXN-11240,CUST-0111,PROD-01,2025-07-11,79.2,USD,Settled
TXN-11241,CUST-0111,PROD-01,2025-08-10,99.0,USD,Settled
TXN-11242,CUST-0111,PROD-01,2025-09-09,99.0,USD,Settled
TXN-11243,CUST-0111,PROD-01,2025-10-09,99.0,USD,Settled
TXN-11244,CUST-0111,PROD-01,2025-11-08,89.1,USD,Refunded
TXN-11245,CUST-0111,PROD-01,2025-12-08,89.1,USD,Settled
TXN-11246,CUST-0111,PROD-01,2026-01-07,79.2,USD,Settled
TXN-11247,CUST-0111,PROD-01,2026-02-06,99.0,USD,Refunded
TXN-11248,CUST-0111,PROD-01,2026-03-08,99.0,USD,Settled
TXN-11249,CUST-0112,PROD-01,2026-01-19,99.0,USD,Settled
TXN-11250,CUST-0112,PROD-01,2026-02-18,79.2,USD,Settled
TXN-11251,CUST-0112,PROD-01,2026-03-20,99.0,USD,Refunded
TXN-11252,CUST-0112,PROD-01,2026-04-19,99.0,USD,Settled
TXN-11253,CUST-0112,PROD-01,2026-05-19,99.0,USD,Settled
TXN-11254,CUST-0112,PROD-01,2026-06-18,99.0,USD,Settled
TXN-11255,CUST-0112,PROD-01,2026-07-18,99.0,USD,Settled
TXN-11256,CUST-0113,PROD-02,2025-08-02,269.1,USD,Settled
TXN-11257,CUST-0113,PROD-02,2025-09-01,299.0,USD,Settled
TXN-11258,CUST-0113,PROD-02,2025-10-01,269.1,USD,Settled
TXN-11259,CUST-0113,PROD-02,2025-10-31,299.0,USD,Settled
TXN-11260,CUST-0113,PROD-02,2025-11-30,299.0,USD,Settled
TXN-11261,CUST-0113,PROD-02,2025-12-30,299.0,USD,Settled
TXN-11262,CUST-0113,PROD-02,2026-01-29,299.0,USD,Settled
TXN-11263,CUST-0113,PROD-02,2026-02-28,299.0,USD,Settled
TXN-11264,CUST-0113,PROD-02,2026-03-30,269.1,USD,Settled
TXN-11265,CUST-0113,PROD-02,2026-04-29,239.2,USD,Settled
TXN-11266,CUST-0113,PROD-02,2026-05-29,299.0,USD,Settled
TXN-11267,CUST-0113,PROD-02,2026-06-28,299.0,USD,Settled
TXN-11268,CUST-0113,PROD-02,2026-07-28,299.0,USD,Settled
TXN-11269,CUST-0114,PROD-02,2026-05-21,299.0,USD,Refunded
TXN-11270,CUST-0114,PROD-02,2026-06-20,299.0,USD,Settled
TXN-11271,CUST-0115,PROD-01,2026-06-25,99.0,USD,Settled
TXN-11272,CUST-0115,PROD-01,2026-07-25,99.0,USD,Settled
TXN-11273,CUST-0116,PROD-02,2025-08-09,299.0,USD,Settled
TXN-11274,CUST-0116,PROD-02,2025-09-08,299.0,USD,Settled
TXN-11275,CUST-0116,PROD-02,2025-10-08,299.0,USD,Settled
TXN-11276,CUST-0116,PROD-02,2025-11-07,299.0,USD,Settled
TXN-11277,CUST-0116,PROD-02,2025-12-07,299.0,USD,Settled
TXN-11278,CUST-0116,PROD-02,2026-01-06,299.0,USD,Settled
TXN-11279,CUST-0116,PROD-02,2026-02-05,299.0,USD,Settled
TXN-11280,CUST-0116,PROD-02,2026-03-07,299.0,USD,Settled
TXN-11281,CUST-0116,PROD-02,2026-04-06,299.0,USD,Failed
TXN-11282,CUST-0116,PROD-02,2026-05-06,299.0,USD,Settled
TXN-11283,CUST-0116,PROD-02,2026-06-05,299.0,USD,Settled
TXN-11284,CUST-0116,PROD-02,2026-07-05,299.0,USD,Settled
TXN-11285,CUST-0117,PROD-01,2026-02-10,89.1,USD,Settled
TXN-11286,CUST-0117,PROD-01,2026-03-12,99.0,USD,Settled
TXN-11287,CUST-0117,PROD-01,2026-04-11,99.0,USD,Settled
TXN-11288,CUST-0117,PROD-01,2026-05-11,99.0,USD,Settled
TXN-11289,CUST-0117,PROD-01,2026-06-10,79.2,USD,Settled
TXN-11290,CUST-0117,PROD-01,2026-07-10,99.0,USD,Settled
TXN-11291,CUST-0118,PROD-03,2025-09-15,999.0,USD,Settled
TXN-11292,CUST-0118,PROD-03,2025-10-15,999.0,USD,Settled
TXN-11293,CUST-0118,PROD-03,2025-11-14,999.0,USD,Settled
TXN-11294,CUST-0118,PROD-03,2025-12-14,999.0,USD,Settled
TXN-11295,CUST-0118,PROD-03,2026-01-13,999.0,USD,Settled
TXN-11296,CUST-0118,PROD-03,2026-02-12,999.0,USD,Settled
TXN-11297,CUST-0118,PROD-03,2026-03-14,999.0,USD,Settled
TXN-11298,CUST-0118,PROD-03,2026-04-13,999.0,USD,Settled
TXN-11299,CUST-0118,PROD-03,2026-05-13,899.1,USD,Settled
TXN-11300,CUST-0118,PROD-03,2026-06-12,799.2,USD,Settled
TXN-11301,CUST-0118,PROD-03,2026-07-12,999.0,USD,Settled
TXN-11302,CUST-0119,PROD-02,2025-12-24,269.1,USD,Settled
TXN-11303,CUST-0119,PROD-02,2026-01-23,299.0,USD,Settled
TXN-11304,CUST-0119,PROD-02,2026-02-22,269.1,USD,Settled
TXN-11305,CUST-0120,PROD-01,2026-06-01,99.0,USD,Settled
TXN-11306,CUST-0120,PROD-01,2026-07-01,99.0,USD,Settled
TXN-11307,CUST-0121,PROD-02,2025-01-08,269.1,USD,Settled
TXN-11308,CUST-0121,PROD-02,2025-02-07,299.0,USD,Settled
TXN-11309,CUST-0121,PROD-02,2025-03-09,269.1,USD,Settled
TXN-11310,CUST-0121,PROD-02,2025-04-08,269.1,USD,Settled
TXN-11311,CUST-0121,PROD-02,2025-05-08,239.2,USD,Settled
TXN-11312,CUST-0121,PROD-02,2025-06-07,299.0,USD,Refunded
TXN-11313,CUST-0121,PROD-02,2025-07-07,299.0,USD,Settled
TXN-11314,CUST-0121,PROD-02,2025-08-06,299.0,USD,Settled
TXN-11315,CUST-0121,PROD-02,2025-09-05,299.0,USD,Settled
TXN-11316,CUST-0121,PROD-02,2025-10-05,299.0,USD,Settled
TXN-11317,CUST-0121,PROD-02,2025-11-04,299.0,USD,Settled
TXN-11318,CUST-0121,PROD-02,2025-12-04,299.0,USD,Settled
TXN-11319,CUST-0121,PROD-02,2026-01-03,299.0,USD,Settled
TXN-11320,CUST-0122,PROD-02,2025-03-01,269.1,USD,Refunded
TXN-11321,CUST-0122,PROD-02,2025-03-31,299.0,USD,Settled
TXN-11322,CUST-0122,PROD-02,2025-04-30,299.0,USD,Settled
TXN-11323,CUST-0122,PROD-02,2025-05-30,299.0,USD,Settled
TXN-11324,CUST-0122,PROD-02,2025-06-29,299.0,USD,Settled
TXN-11325,CUST-0122,PROD-02,2025-07-29,299.0,USD,Settled
TXN-11326,CUST-0122,PROD-02,2025-08-28,299.0,USD,Settled
TXN-11327,CUST-0122,PROD-02,2025-09-27,269.1,USD,Settled
TXN-11328,CUST-0122,PROD-02,2025-10-27,299.0,USD,Settled
TXN-11329,CUST-0122,PROD-02,2025-11-26,269.1,USD,Settled
TXN-11330,CUST-0122,PROD-02,2025-12-26,299.0,USD,Settled
TXN-11331,CUST-0122,PROD-02,2026-01-25,299.0,USD,Settled
TXN-11332,CUST-0123,PROD-02,2026-03-01,299.0,USD,Settled
TXN-11333,CUST-0123,PROD-02,2026-03-31,299.0,USD,Settled
TXN-11334,CUST-0123,PROD-02,2026-04-30,299.0,USD,Settled
TXN-11335,CUST-0123,PROD-02,2026-05-30,299.0,USD,Settled
TXN-11336,CUST-0123,PROD-02,2026-06-29,299.0,USD,Failed
TXN-11337,CUST-0123,PROD-02,2026-07-29,299.0,USD,Settled
TXN-11338,CUST-0124,PROD-03,2026-03-26,799.2,USD,Settled
TXN-11339,CUST-0124,PROD-03,2026-04-25,999.0,USD,Settled
TXN-11340,CUST-0124,PROD-03,2026-05-25,899.1,USD,Settled
TXN-11341,CUST-0124,PROD-03,2026-06-24,999.0,USD,Settled
TXN-11342,CUST-0124,PROD-03,2026-07-24,999.0,USD,Settled
TXN-11343,CUST-0125,PROD-02,2025-11-22,299.0,USD,Settled
TXN-11344,CUST-0125,PROD-02,2025-12-22,299.0,USD,Failed
TXN-11345,CUST-0125,PROD-02,2026-01-21,299.0,USD,Settled
TXN-11346,CUST-0125,PROD-02,2026-02-20,299.0,USD,Settled
TXN-11347,CUST-0125,PROD-02,2026-03-22,299.0,USD,Settled
TXN-11348,CUST-0125,PROD-02,2026-04-21,299.0,USD,Settled
TXN-11349,CUST-0125,PROD-02,2026-05-21,299.0,USD,Settled
TXN-11350,CUST-0125,PROD-02,2026-06-20,299.0,USD,Settled
TXN-11351,CUST-0125,PROD-02,2026-07-20,299.0,USD,Settled
TXN-11352,CUST-0126,PROD-01,2025-10-09,99.0,USD,Settled
TXN-11353,CUST-0126,PROD-01,2025-11-08,99.0,USD,Settled
TXN-11354,CUST-0126,PROD-01,2025-12-08,99.0,USD,Settled
TXN-11355,CUST-0126,PROD-01,2026-01-07,89.1,USD,Failed
TXN-11356,CUST-0126,PROD-01,2026-02-06,99.0,USD,Settled
TXN-11357,CUST-0126,PROD-01,2026-03-08,99.0,USD,Settled
TXN-11358,CUST-0126,PROD-01,2026-04-07,79.2,USD,Settled
TXN-11359,CUST-0126,PROD-01,2026-05-07,89.1,USD,Settled
TXN-11360,CUST-0126,PROD-01,2026-06-06,99.0,USD,Settled
TXN-11361,CUST-0126,PROD-01,2026-07-06,89.1,USD,Settled
TXN-11362,CUST-0127,PROD-01,2024-12-05,99.0,USD,Settled
TXN-11363,CUST-0127,PROD-01,2025-01-04,99.0,USD,Settled
TXN-11364,CUST-0127,PROD-01,2025-02-03,99.0,USD,Settled
TXN-11365,CUST-0127,PROD-01,2025-03-05,99.0,USD,Settled
TXN-11366,CUST-0127,PROD-01,2025-04-04,99.0,USD,Settled
TXN-11367,CUST-0127,PROD-01,2025-05-04,99.0,USD,Settled
TXN-11368,CUST-0127,PROD-01,2025-06-03,99.0,USD,Settled
TXN-11369,CUST-0127,PROD-01,2025-07-03,99.0,USD,Settled
TXN-11370,CUST-0127,PROD-01,2025-08-02,99.0,USD,Settled
TXN-11371,CUST-0127,PROD-01,2025-09-01,99.0,USD,Settled
TXN-11372,CUST-0127,PROD-01,2025-10-01,99.0,USD,Settled
TXN-11373,CUST-0127,PROD-01,2025-10-31,99.0,USD,Settled
TXN-11374,CUST-0127,PROD-01,2025-11-30,89.1,USD,Settled
TXN-11375,CUST-0127,PROD-01,2025-12-30,99.0,USD,Settled
TXN-11376,CUST-0127,PROD-01,2026-01-29,99.0,USD,Settled
TXN-11377,CUST-0127,PROD-01,2026-02-28,99.0,USD,Settled
TXN-11378,CUST-0127,PROD-01,2026-03-30,99.0,USD,Settled
TXN-11379,CUST-0127,PROD-01,2026-04-29,89.1,USD,Settled
TXN-11380,CUST-0127,PROD-01,2026-05-29,89.1,USD,Settled
TXN-11381,CUST-0127,PROD-01,2026-06-28,99.0,USD,Settled
TXN-11382,CUST-0127,PROD-01,2026-07-28,99.0,USD,Settled
TXN-11383,CUST-0128,PROD-01,2025-03-26,89.1,USD,Settled
TXN-11384,CUST-0128,PROD-01,2025-04-25,99.0,USD,Settled
TXN-11385,CUST-0128,PROD-01,2025-05-25,79.2,USD,Settled
TXN-11386,CUST-0128,PROD-01,2025-06-24,99.0,USD,Settled
TXN-11387,CUST-0128,PROD-01,2025-07-24,99.0,USD,Settled
TXN-11388,CUST-0128,PROD-01,2025-08-23,99.0,USD,Settled
TXN-11389,CUST-0128,PROD-01,2025-09-22,99.0,USD,Settled
TXN-11390,CUST-0128,PROD-01,2025-10-22,99.0,USD,Settled
TXN-11391,CUST-0128,PROD-01,2025-11-21,99.0,USD,Settled
TXN-11392,CUST-0128,PROD-01,2025-12-21,99.0,USD,Failed
TXN-11393,CUST-0128,PROD-01,2026-01-20,99.0,USD,Settled
TXN-11394,CUST-0128,PROD-01,2026-02-19,99.0,USD,Settled
TXN-11395,CUST-0128,PROD-01,2026-03-21,99.0,USD,Settled
TXN-11396,CUST-0128,PROD-01,2026-04-20,99.0,USD,Settled
TXN-11397,CUST-0128,PROD-01,2026-05-20,89.1,USD,Settled
TXN-11398,CUST-0128,PROD-01,2026-06-19,99.0,USD,Settled
TXN-11399,CUST-0128,PROD-01,2026-07-19,79.2,USD,Settled
TXN-11400,CUST-0129,PROD-01,2026-01-05,79.2,USD,Settled
TXN-11401,CUST-0129,PROD-01,2026-02-04,99.0,USD,Settled
TXN-11402,CUST-0130,PROD-01,2025-10-30,89.1,USD,Settled
TXN-11403,CUST-0130,PROD-01,2025-11-29,99.0,USD,Settled
TXN-11404,CUST-0130,PROD-01,2025-12-29,99.0,USD,Settled
TXN-11405,CUST-0130,PROD-01,2026-01-28,99.0,USD,Settled
TXN-11406,CUST-0130,PROD-01,2026-02-27,99.0,USD,Settled
TXN-11407,CUST-0130,PROD-01,2026-03-29,99.0,USD,Settled
TXN-11408,CUST-0130,PROD-01,2026-04-28,99.0,USD,Settled
TXN-11409,CUST-0130,PROD-01,2026-05-28,89.1,USD,Settled
TXN-11410,CUST-0130,PROD-01,2026-06-27,89.1,USD,Settled
TXN-11411,CUST-0130,PROD-01,2026-07-27,99.0,USD,Settled
TXN-11412,CUST-0131,PROD-02,2026-05-19,299.0,USD,Settled
TXN-11413,CUST-0131,PROD-02,2026-06-18,269.1,USD,Settled
TXN-11414,CUST-0131,PROD-02,2026-07-18,269.1,USD,Settled
TXN-11415,CUST-0132,PROD-03,2025-04-23,999.0,USD,Settled
TXN-11416,CUST-0132,PROD-03,2025-05-23,999.0,USD,Settled
TXN-11417,CUST-0132,PROD-03,2025-06-22,999.0,USD,Settled
TXN-11418,CUST-0132,PROD-03,2025-07-22,999.0,USD,Settled
TXN-11419,CUST-0132,PROD-03,2025-08-21,999.0,USD,Settled
TXN-11420,CUST-0132,PROD-03,2025-09-20,999.0,USD,Settled
TXN-11421,CUST-0132,PROD-03,2025-10-20,999.0,USD,Settled
TXN-11422,CUST-0132,PROD-03,2025-11-19,999.0,USD,Settled
TXN-11423,CUST-0132,PROD-03,2025-12-19,999.0,USD,Settled
TXN-11424,CUST-0132,PROD-03,2026-01-18,999.0,USD,Settled
TXN-11425,CUST-0132,PROD-03,2026-02-17,999.0,USD,Settled
TXN-11426,CUST-0132,PROD-03,2026-03-19,999.0,USD,Settled
TXN-11427,CUST-0132,PROD-03,2026-04-18,999.0,USD,Settled
TXN-11428,CUST-0132,PROD-03,2026-05-18,899.1,USD,Settled
TXN-11429,CUST-0132,PROD-03,2026-06-17,999.0,USD,Settled
TXN-11430,CUST-0132,PROD-03,2026-07-17,999.0,USD,Settled
TXN-11431,CUST-0133,PROD-03,2024-08-06,799.2,USD,Settled
TXN-11432,CUST-0133,PROD-03,2024-09-05,999.0,USD,Settled
TXN-11433,CUST-0133,PROD-03,2024-10-05,899.1,USD,Settled
TXN-11434,CUST-0133,PROD-03,2024-11-04,999.0,USD,Settled
TXN-11435,CUST-0133,PROD-03,2024-12-04,999.0,USD,Refunded
TXN-11436,CUST-0133,PROD-03,2025-01-03,899.1,USD,Settled
TXN-11437,CUST-0134,PROD-01,2025-12-03,99.0,USD,Settled
TXN-11438,CUST-0134,PROD-01,2026-01-02,99.0,USD,Settled
TXN-11439,CUST-0134,PROD-01,2026-02-01,99.0,USD,Settled
TXN-11440,CUST-0134,PROD-01,2026-03-03,99.0,USD,Settled
TXN-11441,CUST-0134,PROD-01,2026-04-02,99.0,USD,Settled
TXN-11442,CUST-0134,PROD-01,2026-05-02,99.0,USD,Settled
TXN-11443,CUST-0134,PROD-01,2026-06-01,99.0,USD,Settled
TXN-11444,CUST-0134,PROD-01,2026-07-01,99.0,USD,Settled
TXN-11445,CUST-0135,PROD-02,2025-12-15,299.0,USD,Settled
TXN-11446,CUST-0135,PROD-02,2026-01-14,299.0,USD,Settled
TXN-11447,CUST-0136,PROD-02,2025-07-24,269.1,USD,Settled
TXN-11448,CUST-0136,PROD-02,2025-08-23,299.0,USD,Refunded
TXN-11449,CUST-0136,PROD-02,2025-09-22,299.0,USD,Settled
TXN-11450,CUST-0136,PROD-02,2025-10-22,299.0,USD,Settled
TXN-11451,CUST-0136,PROD-02,2025-11-21,269.1,USD,Settled
TXN-11452,CUST-0136,PROD-02,2025-12-21,299.0,USD,Settled
TXN-11453,CUST-0136,PROD-02,2026-01-20,299.0,USD,Settled
TXN-11454,CUST-0136,PROD-02,2026-02-19,299.0,USD,Settled
TXN-11455,CUST-0136,PROD-02,2026-03-21,299.0,USD,Settled
TXN-11456,CUST-0136,PROD-02,2026-04-20,269.1,USD,Settled
TXN-11457,CUST-0136,PROD-02,2026-05-20,299.0,USD,Settled
TXN-11458,CUST-0136,PROD-02,2026-06-19,299.0,USD,Settled
TXN-11459,CUST-0136,PROD-02,2026-07-19,299.0,USD,Settled
TXN-11460,CUST-0137,PROD-02,2026-05-20,299.0,USD,Settled
TXN-11461,CUST-0137,PROD-02,2026-06-19,299.0,USD,Settled
TXN-11462,CUST-0137,PROD-02,2026-07-19,269.1,USD,Settled
TXN-11463,CUST-0138,PROD-03,2026-06-12,999.0,USD,Settled
TXN-11464,CUST-0138,PROD-03,2026-07-12,899.1,USD,Settled
TXN-11465,CUST-0139,PROD-03,2025-12-28,999.0,USD,Settled
TXN-11466,CUST-0139,PROD-03,2026-01-27,799.2,USD,Refunded
TXN-11467,CUST-0139,PROD-03,2026-02-26,899.1,USD,Settled
TXN-11468,CUST-0139,PROD-03,2026-03-28,999.0,USD,Refunded
TXN-11469,CUST-0139,PROD-03,2026-04-27,999.0,USD,Settled
TXN-11470,CUST-0139,PROD-03,2026-05-27,999.0,USD,Settled
TXN-11471,CUST-0139,PROD-03,2026-06-26,999.0,USD,Settled
TXN-11472,CUST-0139,PROD-03,2026-07-26,899.1,USD,Settled
TXN-11473,CUST-0140,PROD-01,2024-12-16,99.0,USD,Settled
TXN-11474,CUST-0140,PROD-01,2025-01-15,99.0,USD,Settled
TXN-11475,CUST-0140,PROD-01,2025-02-14,99.0,USD,Settled
TXN-11476,CUST-0140,PROD-01,2025-03-16,99.0,USD,Settled
TXN-11477,CUST-0140,PROD-01,2025-04-15,99.0,USD,Settled
TXN-11478,CUST-0140,PROD-01,2025-05-15,99.0,USD,Settled
TXN-11479,CUST-0140,PROD-01,2025-06-14,99.0,USD,Settled
TXN-11480,CUST-0140,PROD-01,2025-07-14,99.0,USD,Settled
TXN-11481,CUST-0141,PROD-02,2025-03-02,299.0,USD,Settled
TXN-11482,CUST-0141,PROD-02,2025-04-01,239.2,USD,Settled
TXN-11483,CUST-0141,PROD-02,2025-05-01,269.1,USD,Failed
TXN-11484,CUST-0141,PROD-02,2025-05-31,299.0,USD,Settled
TXN-11485,CUST-0141,PROD-02,2025-06-30,299.0,USD,Settled
TXN-11486,CUST-0141,PROD-02,2025-07-30,299.0,USD,Settled
TXN-11487,CUST-0141,PROD-02,2025-08-29,299.0,USD,Settled
TXN-11488,CUST-0141,PROD-02,2025-09-28,299.0,USD,Settled
TXN-11489,CUST-0141,PROD-02,2025-10-28,299.0,USD,Settled
TXN-11490,CUST-0141,PROD-02,2025-11-27,299.0,USD,Failed
TXN-11491,CUST-0141,PROD-02,2025-12-27,299.0,USD,Settled
TXN-11492,CUST-0141,PROD-02,2026-01-26,299.0,USD,Settled
TXN-11493,CUST-0141,PROD-02,2026-02-25,299.0,USD,Settled
TXN-11494,CUST-0141,PROD-02,2026-03-27,269.1,USD,Settled
TXN-11495,CUST-0141,PROD-02,2026-04-26,299.0,USD,Settled
TXN-11496,CUST-0141,PROD-02,2026-05-26,299.0,USD,Settled
TXN-11497,CUST-0141,PROD-02,2026-06-25,299.0,USD,Settled
TXN-11498,CUST-0141,PROD-02,2026-07-25,269.1,USD,Settled
TXN-11499,CUST-0142,PROD-01,2024-10-02,99.0,USD,Settled
TXN-11500,CUST-0142,PROD-01,2024-11-01,99.0,USD,Settled
TXN-11501,CUST-0142,PROD-01,2024-12-01,99.0,USD,Settled
TXN-11502,CUST-0142,PROD-01,2024-12-31,89.1,USD,Settled
TXN-11503,CUST-0142,PROD-01,2025-01-30,99.0,USD,Settled
TXN-11504,CUST-0142,PROD-01,2025-03-01,99.0,USD,Settled
TXN-11505,CUST-0142,PROD-01,2025-03-31,99.0,USD,Settled
TXN-11506,CUST-0142,PROD-01,2025-04-30,99.0,USD,Settled
TXN-11507,CUST-0142,PROD-01,2025-05-30,89.1,USD,Settled
TXN-11508,CUST-0142,PROD-01,2025-06-29,99.0,USD,Settled
TXN-11509,CUST-0142,PROD-01,2025-07-29,99.0,USD,Settled
TXN-11510,CUST-0142,PROD-01,2025-08-28,99.0,USD,Settled
TXN-11511,CUST-0142,PROD-01,2025-09-27,99.0,USD,Settled
TXN-11512,CUST-0142,PROD-01,2025-10-27,99.0,USD,Settled
TXN-11513,CUST-0142,PROD-01,2025-11-26,89.1,USD,Settled
TXN-11514,CUST-0143,PROD-02,2026-03-08,269.1,USD,Settled
TXN-11515,CUST-0143,PROD-02,2026-04-07,299.0,USD,Settled
TXN-11516,CUST-0143,PROD-02,2026-05-07,299.0,USD,Settled
TXN-11517,CUST-0143,PROD-02,2026-06-06,299.0,USD,Settled
TXN-11518,CUST-0143,PROD-02,2026-07-06,299.0,USD,Settled
TXN-11519,CUST-0144,PROD-02,2025-07-11,299.0,USD,Settled
TXN-11520,CUST-0144,PROD-02,2025-08-10,269.1,USD,Settled
TXN-11521,CUST-0144,PROD-02,2025-09-09,299.0,USD,Settled
TXN-11522,CUST-0144,PROD-02,2025-10-09,299.0,USD,Settled
TXN-11523,CUST-0144,PROD-02,2025-11-08,299.0,USD,Settled
TXN-11524,CUST-0144,PROD-02,2025-12-08,299.0,USD,Settled
TXN-11525,CUST-0144,PROD-02,2026-01-07,299.0,USD,Settled
TXN-11526,CUST-0144,PROD-02,2026-02-06,299.0,USD,Settled
TXN-11527,CUST-0144,PROD-02,2026-03-08,299.0,USD,Settled
TXN-11528,CUST-0144,PROD-02,2026-04-07,299.0,USD,Settled
TXN-11529,CUST-0144,PROD-02,2026-05-07,299.0,USD,Settled
TXN-11530,CUST-0144,PROD-02,2026-06-06,299.0,USD,Settled
TXN-11531,CUST-0144,PROD-02,2026-07-06,239.2,USD,Settled
TXN-11532,CUST-0145,PROD-02,2026-01-16,269.1,USD,Failed
TXN-11533,CUST-0145,PROD-02,2026-02-15,299.0,USD,Settled
TXN-11534,CUST-0145,PROD-02,2026-03-17,239.2,USD,Settled
TXN-11535,CUST-0145,PROD-02,2026-04-16,299.0,USD,Settled
TXN-11536,CUST-0145,PROD-02,2026-05-16,299.0,USD,Settled
TXN-11537,CUST-0145,PROD-02,2026-06-15,299.0,USD,Refunded
TXN-11538,CUST-0146,PROD-03,2025-07-30,999.0,USD,Settled
TXN-11539,CUST-0146,PROD-03,2025-08-29,899.1,USD,Settled
TXN-11540,CUST-0146,PROD-03,2025-09-28,999.0,USD,Settled
TXN-11541,CUST-0146,PROD-03,2025-10-28,999.0,USD,Settled
TXN-11542,CUST-0146,PROD-03,2025-11-27,999.0,USD,Settled
TXN-11543,CUST-0146,PROD-03,2025-12-27,999.0,USD,Settled
TXN-11544,CUST-0147,PROD-01,2025-04-27,99.0,USD,Settled
TXN-11545,CUST-0147,PROD-01,2025-05-27,99.0,USD,Settled
TXN-11546,CUST-0147,PROD-01,2025-06-26,99.0,USD,Settled
TXN-11547,CUST-0147,PROD-01,2025-07-26,89.1,USD,Settled
TXN-11548,CUST-0147,PROD-01,2025-08-25,99.0,USD,Settled
TXN-11549,CUST-0147,PROD-01,2025-09-24,99.0,USD,Settled
TXN-11550,CUST-0147,PROD-01,2025-10-24,99.0,USD,Settled
TXN-11551,CUST-0147,PROD-01,2025-11-23,99.0,USD,Settled
TXN-11552,CUST-0147,PROD-01,2025-12-23,99.0,USD,Settled
TXN-11553,CUST-0147,PROD-01,2026-01-22,99.0,USD,Settled
TXN-11554,CUST-0147,PROD-01,2026-02-21,79.2,USD,Settled
TXN-11555,CUST-0147,PROD-01,2026-03-23,79.2,USD,Settled
TXN-11556,CUST-0147,PROD-01,2026-04-22,99.0,USD,Settled
TXN-11557,CUST-0147,PROD-01,2026-05-22,89.1,USD,Settled
TXN-11558,CUST-0147,PROD-01,2026-06-21,99.0,USD,Settled
TXN-11559,CUST-0147,PROD-01,2026-07-21,99.0,USD,Settled
TXN-11560,CUST-0148,PROD-02,2025-03-30,239.2,USD,Settled
TXN-11561,CUST-0148,PROD-02,2025-04-29,299.0,USD,Settled
TXN-11562,CUST-0148,PROD-02,2025-05-29,269.1,USD,Settled
TXN-11563,CUST-0149,PROD-01,2024-12-23,99.0,USD,Settled
TXN-11564,CUST-0149,PROD-01,2025-01-22,89.1,USD,Settled
TXN-11565,CUST-0149,PROD-01,2025-02-21,99.0,USD,Settled
TXN-11566,CUST-0149,PROD-01,2025-03-23,89.1,USD,Settled
TXN-11567,CUST-0149,PROD-01,2025-04-22,99.0,USD,Settled
TXN-11568,CUST-0149,PROD-01,2025-05-22,99.0,USD,Settled
TXN-11569,CUST-0150,PROD-02,2026-03-10,269.1,USD,Settled
TXN-11570,CUST-0150,PROD-02,2026-04-09,299.0,USD,Settled
TXN-11571,CUST-0150,PROD-02,2026-05-09,299.0,USD,Settled
TXN-11572,CUST-0150,PROD-02,2026-06-08,299.0,USD,Settled
TXN-11573,CUST-0150,PROD-02,2026-07-08,299.0,USD,Settled
TXN-11574,CUST-0151,PROD-01,2025-01-20,99.0,USD,Settled
TXN-11575,CUST-0151,PROD-01,2025-02-19,99.0,USD,Settled
TXN-11576,CUST-0152,PROD-02,2024-11-03,299.0,USD,Settled
TXN-11577,CUST-0152,PROD-02,2024-12-03,299.0,USD,Settled
TXN-11578,CUST-0152,PROD-02,2025-01-02,299.0,USD,Settled
TXN-11579,CUST-0152,PROD-02,2025-02-01,299.0,USD,Settled
TXN-11580,CUST-0152,PROD-02,2025-03-03,299.0,USD,Settled
TXN-11581,CUST-0152,PROD-02,2025-04-02,299.0,USD,Settled
TXN-11582,CUST-0152,PROD-02,2025-05-02,299.0,USD,Settled
TXN-11583,CUST-0152,PROD-02,2025-06-01,299.0,USD,Settled
TXN-11584,CUST-0152,PROD-02,2025-07-01,299.0,USD,Settled
TXN-11585,CUST-0152,PROD-02,2025-07-31,299.0,USD,Settled
TXN-11586,CUST-0152,PROD-02,2025-08-30,239.2,USD,Settled
TXN-11587,CUST-0152,PROD-02,2025-09-29,299.0,USD,Settled
TXN-11588,CUST-0152,PROD-02,2025-10-29,299.0,USD,Settled
TXN-11589,CUST-0152,PROD-02,2025-11-28,299.0,USD,Settled
TXN-11590,CUST-0152,PROD-02,2025-12-28,299.0,USD,Settled
TXN-11591,CUST-0152,PROD-02,2026-01-27,269.1,USD,Settled
TXN-11592,CUST-0152,PROD-02,2026-02-26,299.0,USD,Settled
TXN-11593,CUST-0152,PROD-02,2026-03-28,299.0,USD,Settled
TXN-11594,CUST-0152,PROD-02,2026-04-27,299.0,USD,Settled
TXN-11595,CUST-0152,PROD-02,2026-05-27,299.0,USD,Settled
TXN-11596,CUST-0152,PROD-02,2026-06-26,299.0,USD,Settled
TXN-11597,CUST-0152,PROD-02,2026-07-26,299.0,USD,Settled
TXN-11598,CUST-0153,PROD-02,2026-01-20,299.0,USD,Settled
TXN-11599,CUST-0153,PROD-02,2026-02-19,299.0,USD,Settled
TXN-11600,CUST-0153,PROD-02,2026-03-21,299.0,USD,Settled
TXN-11601,CUST-0153,PROD-02,2026-04-20,299.0,USD,Settled
TXN-11602,CUST-0153,PROD-02,2026-05-20,299.0,USD,Settled
TXN-11603,CUST-0153,PROD-02,2026-06-19,299.0,USD,Settled
TXN-11604,CUST-0153,PROD-02,2026-07-19,299.0,USD,Settled
TXN-11605,CUST-0154,PROD-01,2026-06-05,99.0,USD,Settled
TXN-11606,CUST-0154,PROD-01,2026-07-05,99.0,USD,Refunded
TXN-11607,CUST-0155,PROD-02,2025-07-05,299.0,USD,Settled
TXN-11608,CUST-0155,PROD-02,2025-08-04,299.0,USD,Settled
TXN-11609,CUST-0155,PROD-02,2025-09-03,299.0,USD,Settled
TXN-11610,CUST-0155,PROD-02,2025-10-03,269.1,USD,Settled
TXN-11611,CUST-0156,PROD-02,2024-10-24,299.0,USD,Settled
TXN-11612,CUST-0156,PROD-02,2024-11-23,299.0,USD,Settled
TXN-11613,CUST-0156,PROD-02,2024-12-23,299.0,USD,Settled
TXN-11614,CUST-0156,PROD-02,2025-01-22,269.1,USD,Settled
TXN-11615,CUST-0156,PROD-02,2025-02-21,299.0,USD,Failed
TXN-11616,CUST-0156,PROD-02,2025-03-23,299.0,USD,Settled
TXN-11617,CUST-0156,PROD-02,2025-04-22,299.0,USD,Settled
TXN-11618,CUST-0156,PROD-02,2025-05-22,299.0,USD,Settled
TXN-11619,CUST-0156,PROD-02,2025-06-21,299.0,USD,Settled
TXN-11620,CUST-0156,PROD-02,2025-07-21,269.1,USD,Settled
TXN-11621,CUST-0156,PROD-02,2025-08-20,299.0,USD,Settled
TXN-11622,CUST-0156,PROD-02,2025-09-19,299.0,USD,Settled
TXN-11623,CUST-0156,PROD-02,2025-10-19,299.0,USD,Settled
TXN-11624,CUST-0156,PROD-02,2025-11-18,299.0,USD,Settled
TXN-11625,CUST-0156,PROD-02,2025-12-18,299.0,USD,Failed
TXN-11626,CUST-0156,PROD-02,2026-01-17,299.0,USD,Settled
TXN-11627,CUST-0157,PROD-01,2025-11-28,99.0,USD,Settled
TXN-11628,CUST-0157,PROD-01,2025-12-28,79.2,USD,Settled
TXN-11629,CUST-0157,PROD-01,2026-01-27,99.0,USD,Settled
TXN-11630,CUST-0157,PROD-01,2026-02-26,99.0,USD,Settled
TXN-11631,CUST-0157,PROD-01,2026-03-28,99.0,USD,Settled
TXN-11632,CUST-0157,PROD-01,2026-04-27,99.0,USD,Settled
TXN-11633,CUST-0157,PROD-01,2026-05-27,99.0,USD,Settled
TXN-11634,CUST-0157,PROD-01,2026-06-26,99.0,USD,Settled
TXN-11635,CUST-0157,PROD-01,2026-07-26,99.0,USD,Refunded
TXN-11636,CUST-0158,PROD-01,2024-10-02,99.0,USD,Settled
TXN-11637,CUST-0158,PROD-01,2024-11-01,99.0,USD,Settled
TXN-11638,CUST-0158,PROD-01,2024-12-01,79.2,USD,Failed
TXN-11639,CUST-0158,PROD-01,2024-12-31,99.0,USD,Settled
TXN-11640,CUST-0158,PROD-01,2025-01-30,99.0,USD,Settled
TXN-11641,CUST-0158,PROD-01,2025-03-01,79.2,USD,Settled
TXN-11642,CUST-0158,PROD-01,2025-03-31,99.0,USD,Settled
TXN-11643,CUST-0158,PROD-01,2025-04-30,99.0,USD,Settled
TXN-11644,CUST-0158,PROD-01,2025-05-30,99.0,USD,Settled
TXN-11645,CUST-0158,PROD-01,2025-06-29,99.0,USD,Refunded
TXN-11646,CUST-0158,PROD-01,2025-07-29,99.0,USD,Settled
TXN-11647,CUST-0158,PROD-01,2025-08-28,99.0,USD,Settled
TXN-11648,CUST-0158,PROD-01,2025-09-27,99.0,USD,Settled
TXN-11649,CUST-0158,PROD-01,2025-10-27,99.0,USD,Failed
TXN-11650,CUST-0158,PROD-01,2025-11-26,99.0,USD,Settled
TXN-11651,CUST-0158,PROD-01,2025-12-26,99.0,USD,Settled
TXN-11652,CUST-0158,PROD-01,2026-01-25,99.0,USD,Settled
TXN-11653,CUST-0158,PROD-01,2026-02-24,99.0,USD,Settled
TXN-11654,CUST-0158,PROD-01,2026-03-26,99.0,USD,Settled
TXN-11655,CUST-0158,PROD-01,2026-04-25,89.1,USD,Settled
TXN-11656,CUST-0158,PROD-01,2026-05-25,99.0,USD,Settled
TXN-11657,CUST-0158,PROD-01,2026-06-24,99.0,USD,Settled
TXN-11658,CUST-0158,PROD-01,2026-07-24,89.1,USD,Settled
TXN-11659,CUST-0159,PROD-03,2025-11-03,799.2,USD,Settled
TXN-11660,CUST-0159,PROD-03,2025-12-03,999.0,USD,Settled
TXN-11661,CUST-0159,PROD-03,2026-01-02,999.0,USD,Settled
TXN-11662,CUST-0159,PROD-03,2026-02-01,999.0,USD,Settled
TXN-11663,CUST-0159,PROD-03,2026-03-03,999.0,USD,Settled
TXN-11664,CUST-0159,PROD-03,2026-04-02,999.0,USD,Settled
TXN-11665,CUST-0159,PROD-03,2026-05-02,999.0,USD,Settled
TXN-11666,CUST-0159,PROD-03,2026-06-01,899.1,USD,Settled
TXN-11667,CUST-0159,PROD-03,2026-07-01,999.0,USD,Settled
TXN-11668,CUST-0160,PROD-02,2025-03-15,299.0,USD,Settled
TXN-11669,CUST-0160,PROD-02,2025-04-14,299.0,USD,Refunded
TXN-11670,CUST-0160,PROD-02,2025-05-14,269.1,USD,Settled
TXN-11671,CUST-0160,PROD-02,2025-06-13,299.0,USD,Settled
TXN-11672,CUST-0160,PROD-02,2025-07-13,299.0,USD,Settled
TXN-11673,CUST-0160,PROD-02,2025-08-12,299.0,USD,Settled
TXN-11674,CUST-0160,PROD-02,2025-09-11,299.0,USD,Settled
TXN-11675,CUST-0160,PROD-02,2025-10-11,299.0,USD,Settled
TXN-11676,CUST-0160,PROD-02,2025-11-10,299.0,USD,Settled
TXN-11677,CUST-0160,PROD-02,2025-12-10,299.0,USD,Settled
TXN-11678,CUST-0160,PROD-02,2026-01-09,299.0,USD,Settled
TXN-11679,CUST-0160,PROD-02,2026-02-08,269.1,USD,Settled
TXN-11680,CUST-0160,PROD-02,2026-03-10,239.2,USD,Settled
TXN-11681,CUST-0160,PROD-02,2026-04-09,299.0,USD,Settled
TXN-11682,CUST-0160,PROD-02,2026-05-09,299.0,USD,Settled
TXN-11683,CUST-0160,PROD-02,2026-06-08,239.2,USD,Settled
TXN-11684,CUST-0160,PROD-02,2026-07-08,299.0,USD,Settled
TXN-11685,CUST-0161,PROD-01,2026-02-22,99.0,USD,Settled
TXN-11686,CUST-0161,PROD-01,2026-03-24,99.0,USD,Settled
TXN-11687,CUST-0161,PROD-01,2026-04-23,99.0,USD,Settled
TXN-11688,CUST-0161,PROD-01,2026-05-23,99.0,USD,Settled
TXN-11689,CUST-0161,PROD-01,2026-06-22,99.0,USD,Refunded
TXN-11690,CUST-0161,PROD-01,2026-07-22,99.0,USD,Settled
TXN-11691,CUST-0162,PROD-03,2025-02-18,999.0,USD,Settled
TXN-11692,CUST-0162,PROD-03,2025-03-20,999.0,USD,Settled
TXN-11693,CUST-0162,PROD-03,2025-04-19,999.0,USD,Settled
TXN-11694,CUST-0162,PROD-03,2025-05-19,999.0,USD,Settled
TXN-11695,CUST-0162,PROD-03,2025-06-18,999.0,USD,Settled
TXN-11696,CUST-0162,PROD-03,2025-07-18,999.0,USD,Settled
TXN-11697,CUST-0162,PROD-03,2025-08-17,999.0,USD,Settled
TXN-11698,CUST-0162,PROD-03,2025-09-16,899.1,USD,Settled
TXN-11699,CUST-0162,PROD-03,2025-10-16,899.1,USD,Settled
TXN-11700,CUST-0162,PROD-03,2025-11-15,899.1,USD,Settled
TXN-11701,CUST-0162,PROD-03,2025-12-15,999.0,USD,Settled
TXN-11702,CUST-0162,PROD-03,2026-01-14,899.1,USD,Settled
TXN-11703,CUST-0162,PROD-03,2026-02-13,899.1,USD,Settled
TXN-11704,CUST-0162,PROD-03,2026-03-15,999.0,USD,Settled
TXN-11705,CUST-0162,PROD-03,2026-04-14,999.0,USD,Settled
TXN-11706,CUST-0162,PROD-03,2026-05-14,999.0,USD,Settled
TXN-11707,CUST-0162,PROD-03,2026-06-13,999.0,USD,Settled
TXN-11708,CUST-0162,PROD-03,2026-07-13,999.0,USD,Settled
TXN-11709,CUST-0163,PROD-03,2024-07-30,899.1,USD,Settled
TXN-11710,CUST-0163,PROD-03,2024-08-29,999.0,USD,Settled
TXN-11711,CUST-0163,PROD-03,2024-09-28,999.0,USD,Settled
TXN-11712,CUST-0163,PROD-03,2024-10-28,999.0,USD,Settled
TXN-11713,CUST-0163,PROD-03,2024-11-27,999.0,USD,Settled
TXN-11714,CUST-0163,PROD-03,2024-12-27,899.1,USD,Settled
TXN-11715,CUST-0163,PROD-03,2025-01-26,999.0,USD,Settled
TXN-11716,CUST-0163,PROD-03,2025-02-25,999.0,USD,Settled
TXN-11717,CUST-0163,PROD-03,2025-03-27,999.0,USD,Settled
TXN-11718,CUST-0163,PROD-03,2025-04-26,899.1,USD,Settled
TXN-11719,CUST-0163,PROD-03,2025-05-26,899.1,USD,Settled
TXN-11720,CUST-0163,PROD-03,2025-06-25,999.0,USD,Settled
TXN-11721,CUST-0163,PROD-03,2025-07-25,999.0,USD,Settled
TXN-11722,CUST-0163,PROD-03,2025-08-24,999.0,USD,Settled
TXN-11723,CUST-0163,PROD-03,2025-09-23,999.0,USD,Settled
TXN-11724,CUST-0163,PROD-03,2025-10-23,999.0,USD,Settled
TXN-11725,CUST-0163,PROD-03,2025-11-22,999.0,USD,Settled
TXN-11726,CUST-0163,PROD-03,2025-12-22,899.1,USD,Settled
TXN-11727,CUST-0163,PROD-03,2026-01-21,799.2,USD,Settled
TXN-11728,CUST-0163,PROD-03,2026-02-20,799.2,USD,Settled
TXN-11729,CUST-0163,PROD-03,2026-03-22,899.1,USD,Settled
TXN-11730,CUST-0163,PROD-03,2026-04-21,999.0,USD,Settled
TXN-11731,CUST-0163,PROD-03,2026-05-21,999.0,USD,Settled
TXN-11732,CUST-0163,PROD-03,2026-06-20,999.0,USD,Settled
TXN-11733,CUST-0163,PROD-03,2026-07-20,999.0,USD,Settled
TXN-11734,CUST-0164,PROD-03,2024-08-22,999.0,USD,Settled
TXN-11735,CUST-0165,PROD-03,2024-09-21,999.0,USD,Settled
TXN-11736,CUST-0165,PROD-03,2024-10-21,999.0,USD,Settled
TXN-11737,CUST-0165,PROD-03,2024-11-20,999.0,USD,Settled
TXN-11738,CUST-0165,PROD-03,2024-12-20,999.0,USD,Settled
TXN-11739,CUST-0165,PROD-03,2025-01-19,999.0,USD,Settled
TXN-11740,CUST-0165,PROD-03,2025-02-18,999.0,USD,Settled
TXN-11741,CUST-0165,PROD-03,2025-03-20,999.0,USD,Refunded
TXN-11742,CUST-0165,PROD-03,2025-04-19,999.0,USD,Settled
TXN-11743,CUST-0166,PROD-01,2025-12-23,99.0,USD,Settled
TXN-11744,CUST-0166,PROD-01,2026-01-22,99.0,USD,Settled
TXN-11745,CUST-0166,PROD-01,2026-02-21,99.0,USD,Settled
TXN-11746,CUST-0166,PROD-01,2026-03-23,99.0,USD,Settled
TXN-11747,CUST-0166,PROD-01,2026-04-22,99.0,USD,Settled
TXN-11748,CUST-0166,PROD-01,2026-05-22,99.0,USD,Settled
TXN-11749,CUST-0166,PROD-01,2026-06-21,99.0,USD,Settled
TXN-11750,CUST-0166,PROD-01,2026-07-21,99.0,USD,Settled
TXN-11751,CUST-0167,PROD-02,2025-12-13,299.0,USD,Settled
TXN-11752,CUST-0167,PROD-02,2026-01-12,269.1,USD,Settled
TXN-11753,CUST-0167,PROD-02,2026-02-11,299.0,USD,Settled
TXN-11754,CUST-0167,PROD-02,2026-03-13,299.0,USD,Settled
TXN-11755,CUST-0167,PROD-02,2026-04-12,299.0,USD,Settled
TXN-11756,CUST-0167,PROD-02,2026-05-12,299.0,USD,Settled
TXN-11757,CUST-0167,PROD-02,2026-06-11,299.0,USD,Settled
TXN-11758,CUST-0167,PROD-02,2026-07-11,299.0,USD,Settled
TXN-11759,CUST-0168,PROD-02,2024-09-12,269.1,USD,Settled
TXN-11760,CUST-0168,PROD-02,2024-10-12,299.0,USD,Settled
TXN-11761,CUST-0168,PROD-02,2024-11-11,299.0,USD,Settled
TXN-11762,CUST-0168,PROD-02,2024-12-11,299.0,USD,Settled
TXN-11763,CUST-0168,PROD-02,2025-01-10,299.0,USD,Settled
TXN-11764,CUST-0168,PROD-02,2025-02-09,299.0,USD,Settled
TXN-11765,CUST-0168,PROD-02,2025-03-11,269.1,USD,Settled
TXN-11766,CUST-0168,PROD-02,2025-04-10,299.0,USD,Settled
TXN-11767,CUST-0168,PROD-02,2025-05-10,239.2,USD,Settled
TXN-11768,CUST-0168,PROD-02,2025-06-09,269.1,USD,Settled
TXN-11769,CUST-0168,PROD-02,2025-07-09,299.0,USD,Settled
TXN-11770,CUST-0168,PROD-02,2025-08-08,299.0,USD,Settled
TXN-11771,CUST-0168,PROD-02,2025-09-07,299.0,USD,Settled
TXN-11772,CUST-0168,PROD-02,2025-10-07,299.0,USD,Settled
TXN-11773,CUST-0168,PROD-02,2025-11-06,299.0,USD,Failed
TXN-11774,CUST-0168,PROD-02,2025-12-06,299.0,USD,Settled
TXN-11775,CUST-0168,PROD-02,2026-01-05,299.0,USD,Settled
TXN-11776,CUST-0168,PROD-02,2026-02-04,269.1,USD,Settled
TXN-11777,CUST-0168,PROD-02,2026-03-06,299.0,USD,Settled
TXN-11778,CUST-0168,PROD-02,2026-04-05,269.1,USD,Settled
TXN-11779,CUST-0168,PROD-02,2026-05-05,299.0,USD,Settled
TXN-11780,CUST-0168,PROD-02,2026-06-04,299.0,USD,Settled
TXN-11781,CUST-0168,PROD-02,2026-07-04,299.0,USD,Settled
TXN-11782,CUST-0169,PROD-01,2026-07-13,99.0,USD,Settled
TXN-11783,CUST-0170,PROD-01,2026-01-22,99.0,USD,Settled
TXN-11784,CUST-0170,PROD-01,2026-02-21,99.0,USD,Settled
TXN-11785,CUST-0170,PROD-01,2026-03-23,89.1,USD,Settled
TXN-11786,CUST-0170,PROD-01,2026-04-22,99.0,USD,Settled
TXN-11787,CUST-0170,PROD-01,2026-05-22,99.0,USD,Settled
TXN-11788,CUST-0170,PROD-01,2026-06-21,99.0,USD,Settled
TXN-11789,CUST-0170,PROD-01,2026-07-21,99.0,USD,Refunded
TXN-11790,CUST-0171,PROD-03,2025-07-03,899.1,USD,Settled
TXN-11791,CUST-0171,PROD-03,2025-08-02,999.0,USD,Settled
TXN-11792,CUST-0171,PROD-03,2025-09-01,999.0,USD,Settled
TXN-11793,CUST-0171,PROD-03,2025-10-01,999.0,USD,Failed
TXN-11794,CUST-0171,PROD-03,2025-10-31,999.0,USD,Settled
TXN-11795,CUST-0171,PROD-03,2025-11-30,999.0,USD,Refunded
TXN-11796,CUST-0171,PROD-03,2025-12-30,999.0,USD,Settled
TXN-11797,CUST-0171,PROD-03,2026-01-29,999.0,USD,Settled
TXN-11798,CUST-0171,PROD-03,2026-02-28,999.0,USD,Settled
TXN-11799,CUST-0171,PROD-03,2026-03-30,999.0,USD,Settled
TXN-11800,CUST-0171,PROD-03,2026-04-29,999.0,USD,Settled
TXN-11801,CUST-0171,PROD-03,2026-05-29,999.0,USD,Settled
TXN-11802,CUST-0171,PROD-03,2026-06-28,899.1,USD,Refunded
TXN-11803,CUST-0171,PROD-03,2026-07-28,899.1,USD,Settled
TXN-11804,CUST-0172,PROD-01,2025-11-08,89.1,USD,Settled
TXN-11805,CUST-0172,PROD-01,2025-12-08,99.0,USD,Settled
TXN-11806,CUST-0172,PROD-01,2026-01-07,99.0,USD,Settled
TXN-11807,CUST-0172,PROD-01,2026-02-06,99.0,USD,Settled
TXN-11808,CUST-0172,PROD-01,2026-03-08,99.0,USD,Settled
TXN-11809,CUST-0172,PROD-01,2026-04-07,99.0,USD,Settled
TXN-11810,CUST-0172,PROD-01,2026-05-07,99.0,USD,Settled
TXN-11811,CUST-0172,PROD-01,2026-06-06,89.1,USD,Settled
TXN-11812,CUST-0172,PROD-01,2026-07-06,99.0,USD,Settled
TXN-11813,CUST-0173,PROD-01,2025-10-27,99.0,USD,Settled
TXN-11814,CUST-0173,PROD-01,2025-11-26,99.0,USD,Settled
TXN-11815,CUST-0173,PROD-01,2025-12-26,99.0,USD,Settled
TXN-11816,CUST-0173,PROD-01,2026-01-25,99.0,USD,Refunded
TXN-11817,CUST-0173,PROD-01,2026-02-24,99.0,USD,Settled
TXN-11818,CUST-0173,PROD-01,2026-03-26,99.0,USD,Settled
TXN-11819,CUST-0173,PROD-01,2026-04-25,99.0,USD,Refunded
TXN-11820,CUST-0173,PROD-01,2026-05-25,99.0,USD,Settled
TXN-11821,CUST-0173,PROD-01,2026-06-24,99.0,USD,Settled
TXN-11822,CUST-0173,PROD-01,2026-07-24,99.0,USD,Settled
TXN-11823,CUST-0174,PROD-01,2025-10-18,99.0,USD,Settled
TXN-11824,CUST-0174,PROD-01,2025-11-17,99.0,USD,Settled
TXN-11825,CUST-0174,PROD-01,2025-12-17,99.0,USD,Settled
TXN-11826,CUST-0174,PROD-01,2026-01-16,99.0,USD,Settled
TXN-11827,CUST-0174,PROD-01,2026-02-15,99.0,USD,Settled
TXN-11828,CUST-0175,PROD-01,2025-09-04,99.0,USD,Refunded
TXN-11829,CUST-0175,PROD-01,2025-10-04,99.0,USD,Settled
TXN-11830,CUST-0175,PROD-01,2025-11-03,89.1,USD,Failed
TXN-11831,CUST-0175,PROD-01,2025-12-03,99.0,USD,Settled
TXN-11832,CUST-0175,PROD-01,2026-01-02,99.0,USD,Settled
TXN-11833,CUST-0175,PROD-01,2026-02-01,89.1,USD,Settled
TXN-11834,CUST-0175,PROD-01,2026-03-03,99.0,USD,Settled
TXN-11835,CUST-0175,PROD-01,2026-04-02,99.0,USD,Settled
TXN-11836,CUST-0175,PROD-01,2026-05-02,99.0,USD,Settled
TXN-11837,CUST-0175,PROD-01,2026-06-01,89.1,USD,Settled
TXN-11838,CUST-0176,PROD-03,2025-12-03,999.0,USD,Settled
TXN-11839,CUST-0176,PROD-03,2026-01-02,999.0,USD,Settled
TXN-11840,CUST-0176,PROD-03,2026-02-01,999.0,USD,Settled
TXN-11841,CUST-0176,PROD-03,2026-03-03,899.1,USD,Settled
TXN-11842,CUST-0176,PROD-03,2026-04-02,899.1,USD,Settled
TXN-11843,CUST-0176,PROD-03,2026-05-02,999.0,USD,Settled
TXN-11844,CUST-0176,PROD-03,2026-06-01,899.1,USD,Settled
TXN-11845,CUST-0176,PROD-03,2026-07-01,999.0,USD,Failed
TXN-11846,CUST-0177,PROD-01,2025-04-12,99.0,USD,Settled
TXN-11847,CUST-0177,PROD-01,2025-05-12,99.0,USD,Settled
TXN-11848,CUST-0177,PROD-01,2025-06-11,99.0,USD,Settled
TXN-11849,CUST-0177,PROD-01,2025-07-11,99.0,USD,Settled
TXN-11850,CUST-0177,PROD-01,2025-08-10,99.0,USD,Refunded
TXN-11851,CUST-0177,PROD-01,2025-09-09,99.0,USD,Settled
TXN-11852,CUST-0177,PROD-01,2025-10-09,99.0,USD,Settled
TXN-11853,CUST-0177,PROD-01,2025-11-08,99.0,USD,Settled
TXN-11854,CUST-0177,PROD-01,2025-12-08,99.0,USD,Settled
TXN-11855,CUST-0177,PROD-01,2026-01-07,89.1,USD,Settled
TXN-11856,CUST-0177,PROD-01,2026-02-06,99.0,USD,Settled
TXN-11857,CUST-0178,PROD-02,2025-06-12,299.0,USD,Settled
TXN-11858,CUST-0178,PROD-02,2025-07-12,269.1,USD,Settled
TXN-11859,CUST-0178,PROD-02,2025-08-11,269.1,USD,Settled
TXN-11860,CUST-0178,PROD-02,2025-09-10,299.0,USD,Settled
TXN-11861,CUST-0178,PROD-02,2025-10-10,299.0,USD,Failed
TXN-11862,CUST-0178,PROD-02,2025-11-09,299.0,USD,Settled
TXN-11863,CUST-0178,PROD-02,2025-12-09,269.1,USD,Settled
TXN-11864,CUST-0178,PROD-02,2026-01-08,299.0,USD,Settled
TXN-11865,CUST-0178,PROD-02,2026-02-07,299.0,USD,Settled
TXN-11866,CUST-0178,PROD-02,2026-03-09,299.0,USD,Settled
TXN-11867,CUST-0178,PROD-02,2026-04-08,299.0,USD,Settled
TXN-11868,CUST-0178,PROD-02,2026-05-08,299.0,USD,Settled
TXN-11869,CUST-0178,PROD-02,2026-06-07,299.0,USD,Settled
TXN-11870,CUST-0178,PROD-02,2026-07-07,299.0,USD,Settled
TXN-11871,CUST-0179,PROD-03,2024-08-25,999.0,USD,Settled
TXN-11872,CUST-0179,PROD-03,2024-09-24,899.1,USD,Settled
TXN-11873,CUST-0179,PROD-03,2024-10-24,999.0,USD,Settled
TXN-11874,CUST-0179,PROD-03,2024-11-23,999.0,USD,Settled
TXN-11875,CUST-0179,PROD-03,2024-12-23,999.0,USD,Settled
TXN-11876,CUST-0179,PROD-03,2025-01-22,999.0,USD,Settled
TXN-11877,CUST-0179,PROD-03,2025-02-21,999.0,USD,Settled
TXN-11878,CUST-0179,PROD-03,2025-03-23,999.0,USD,Settled
TXN-11879,CUST-0179,PROD-03,2025-04-22,899.1,USD,Settled
TXN-11880,CUST-0179,PROD-03,2025-05-22,999.0,USD,Settled
TXN-11881,CUST-0179,PROD-03,2025-06-21,999.0,USD,Settled
TXN-11882,CUST-0179,PROD-03,2025-07-21,899.1,USD,Settled
TXN-11883,CUST-0179,PROD-03,2025-08-20,999.0,USD,Settled
TXN-11884,CUST-0179,PROD-03,2025-09-19,999.0,USD,Settled
TXN-11885,CUST-0179,PROD-03,2025-10-19,999.0,USD,Settled
TXN-11886,CUST-0179,PROD-03,2025-11-18,999.0,USD,Settled
TXN-11887,CUST-0179,PROD-03,2025-12-18,999.0,USD,Settled
TXN-11888,CUST-0179,PROD-03,2026-01-17,999.0,USD,Settled
TXN-11889,CUST-0179,PROD-03,2026-02-16,999.0,USD,Settled
TXN-11890,CUST-0179,PROD-03,2026-03-18,999.0,USD,Settled
TXN-11891,CUST-0179,PROD-03,2026-04-17,999.0,USD,Settled
TXN-11892,CUST-0179,PROD-03,2026-05-17,999.0,USD,Settled
TXN-11893,CUST-0179,PROD-03,2026-06-16,999.0,USD,Settled
TXN-11894,CUST-0179,PROD-03,2026-07-16,999.0,USD,Settled
TXN-11895,CUST-0180,PROD-03,2026-03-20,999.0,USD,Settled
TXN-11896,CUST-0180,PROD-03,2026-04-19,899.1,USD,Refunded
TXN-11897,CUST-0180,PROD-03,2026-05-19,999.0,USD,Settled
TXN-11898,CUST-0180,PROD-03,2026-06-18,999.0,USD,Settled
TXN-11899,CUST-0180,PROD-03,2026-07-18,999.0,USD,Settled
TXN-11900,CUST-0181,PROD-01,2025-12-20,99.0,USD,Settled
TXN-11901,CUST-0181,PROD-01,2026-01-19,99.0,USD,Refunded
TXN-11902,CUST-0181,PROD-01,2026-02-18,99.0,USD,Settled
TXN-11903,CUST-0181,PROD-01,2026-03-20,99.0,USD,Settled
TXN-11904,CUST-0181,PROD-01,2026-04-19,79.2,USD,Settled
TXN-11905,CUST-0181,PROD-01,2026-05-19,99.0,USD,Settled
TXN-11906,CUST-0181,PROD-01,2026-06-18,99.0,USD,Failed
TXN-11907,CUST-0181,PROD-01,2026-07-18,99.0,USD,Settled
TXN-11908,CUST-0182,PROD-01,2026-03-07,99.0,USD,Settled
TXN-11909,CUST-0182,PROD-01,2026-04-06,99.0,USD,Settled
TXN-11910,CUST-0182,PROD-01,2026-05-06,99.0,USD,Settled
TXN-11911,CUST-0182,PROD-01,2026-06-05,99.0,USD,Settled
TXN-11912,CUST-0182,PROD-01,2026-07-05,89.1,USD,Settled
TXN-11913,CUST-0183,PROD-01,2025-02-20,89.1,USD,Settled
TXN-11914,CUST-0183,PROD-01,2025-03-22,99.0,USD,Failed
TXN-11915,CUST-0183,PROD-01,2025-04-21,99.0,USD,Settled
TXN-11916,CUST-0183,PROD-01,2025-05-21,99.0,USD,Settled
TXN-11917,CUST-0183,PROD-01,2025-06-20,99.0,USD,Settled
TXN-11918,CUST-0183,PROD-01,2025-07-20,79.2,USD,Settled
TXN-11919,CUST-0183,PROD-01,2025-08-19,99.0,USD,Settled
TXN-11920,CUST-0183,PROD-01,2025-09-18,99.0,USD,Settled
TXN-11921,CUST-0183,PROD-01,2025-10-18,99.0,USD,Settled
TXN-11922,CUST-0183,PROD-01,2025-11-17,99.0,USD,Settled
TXN-11923,CUST-0183,PROD-01,2025-12-17,99.0,USD,Settled
TXN-11924,CUST-0183,PROD-01,2026-01-16,99.0,USD,Settled
TXN-11925,CUST-0183,PROD-01,2026-02-15,99.0,USD,Settled
TXN-11926,CUST-0183,PROD-01,2026-03-17,99.0,USD,Settled
TXN-11927,CUST-0183,PROD-01,2026-04-16,99.0,USD,Settled
TXN-11928,CUST-0183,PROD-01,2026-05-16,99.0,USD,Refunded
TXN-11929,CUST-0183,PROD-01,2026-06-15,99.0,USD,Settled
TXN-11930,CUST-0183,PROD-01,2026-07-15,99.0,USD,Settled
TXN-11931,CUST-0184,PROD-01,2024-10-30,99.0,USD,Settled
TXN-11932,CUST-0184,PROD-01,2024-11-29,99.0,USD,Settled
TXN-11933,CUST-0184,PROD-01,2024-12-29,99.0,USD,Settled
TXN-11934,CUST-0184,PROD-01,2025-01-28,79.2,USD,Settled
TXN-11935,CUST-0184,PROD-01,2025-02-27,89.1,USD,Settled
TXN-11936,CUST-0184,PROD-01,2025-03-29,99.0,USD,Settled
TXN-11937,CUST-0184,PROD-01,2025-04-28,99.0,USD,Settled
TXN-11938,CUST-0184,PROD-01,2025-05-28,99.0,USD,Settled
TXN-11939,CUST-0184,PROD-01,2025-06-27,99.0,USD,Settled
TXN-11940,CUST-0184,PROD-01,2025-07-27,99.0,USD,Settled
TXN-11941,CUST-0184,PROD-01,2025-08-26,99.0,USD,Settled
TXN-11942,CUST-0184,PROD-01,2025-09-25,99.0,USD,Settled
TXN-11943,CUST-0184,PROD-01,2025-10-25,79.2,USD,Settled
TXN-11944,CUST-0184,PROD-01,2025-11-24,79.2,USD,Settled
TXN-11945,CUST-0185,PROD-01,2026-01-30,99.0,USD,Settled
TXN-11946,CUST-0185,PROD-01,2026-03-01,99.0,USD,Settled
TXN-11947,CUST-0185,PROD-01,2026-03-31,99.0,USD,Settled
TXN-11948,CUST-0185,PROD-01,2026-04-30,99.0,USD,Settled
TXN-11949,CUST-0185,PROD-01,2026-05-30,99.0,USD,Settled
TXN-11950,CUST-0185,PROD-01,2026-06-29,89.1,USD,Settled
TXN-11951,CUST-0185,PROD-01,2026-07-29,99.0,USD,Settled
TXN-11952,CUST-0186,PROD-01,2025-06-09,99.0,USD,Settled
TXN-11953,CUST-0186,PROD-01,2025-07-09,89.1,USD,Settled
TXN-11954,CUST-0186,PROD-01,2025-08-08,99.0,USD,Failed
TXN-11955,CUST-0186,PROD-01,2025-09-07,99.0,USD,Settled
TXN-11956,CUST-0186,PROD-01,2025-10-07,99.0,USD,Settled
TXN-11957,CUST-0186,PROD-01,2025-11-06,99.0,USD,Settled
TXN-11958,CUST-0186,PROD-01,2025-12-06,99.0,USD,Settled
TXN-11959,CUST-0186,PROD-01,2026-01-05,99.0,USD,Settled
TXN-11960,CUST-0186,PROD-01,2026-02-04,89.1,USD,Settled
TXN-11961,CUST-0186,PROD-01,2026-03-06,99.0,USD,Failed
TXN-11962,CUST-0186,PROD-01,2026-04-05,99.0,USD,Settled
TXN-11963,CUST-0186,PROD-01,2026-05-05,89.1,USD,Settled
TXN-11964,CUST-0186,PROD-01,2026-06-04,99.0,USD,Settled
TXN-11965,CUST-0186,PROD-01,2026-07-04,99.0,USD,Settled
TXN-11966,CUST-0187,PROD-01,2024-10-27,99.0,USD,Settled
TXN-11967,CUST-0187,PROD-01,2024-11-26,99.0,USD,Settled
TXN-11968,CUST-0187,PROD-01,2024-12-26,99.0,USD,Settled
TXN-11969,CUST-0187,PROD-01,2025-01-25,99.0,USD,Settled
TXN-11970,CUST-0187,PROD-01,2025-02-24,89.1,USD,Settled
TXN-11971,CUST-0187,PROD-01,2025-03-26,79.2,USD,Settled
TXN-11972,CUST-0187,PROD-01,2025-04-25,89.1,USD,Settled
TXN-11973,CUST-0187,PROD-01,2025-05-25,99.0,USD,Settled
TXN-11974,CUST-0187,PROD-01,2025-06-24,99.0,USD,Settled
TXN-11975,CUST-0187,PROD-01,2025-07-24,99.0,USD,Settled
TXN-11976,CUST-0187,PROD-01,2025-08-23,99.0,USD,Settled
TXN-11977,CUST-0187,PROD-01,2025-09-22,89.1,USD,Settled
TXN-11978,CUST-0187,PROD-01,2025-10-22,99.0,USD,Settled
TXN-11979,CUST-0187,PROD-01,2025-11-21,99.0,USD,Settled
TXN-11980,CUST-0187,PROD-01,2025-12-21,99.0,USD,Settled
TXN-11981,CUST-0187,PROD-01,2026-01-20,89.1,USD,Settled
TXN-11982,CUST-0187,PROD-01,2026-02-19,99.0,USD,Settled
TXN-11983,CUST-0187,PROD-01,2026-03-21,99.0,USD,Settled
TXN-11984,CUST-0187,PROD-01,2026-04-20,89.1,USD,Settled
TXN-11985,CUST-0187,PROD-01,2026-05-20,89.1,USD,Refunded
TXN-11986,CUST-0187,PROD-01,2026-06-19,99.0,USD,Settled
TXN-11987,CUST-0187,PROD-01,2026-07-19,99.0,USD,Settled
TXN-11988,CUST-0188,PROD-01,2026-01-26,99.0,USD,Settled
TXN-11989,CUST-0188,PROD-01,2026-02-25,99.0,USD,Refunded
TXN-11990,CUST-0188,PROD-01,2026-03-27,99.0,USD,Settled
TXN-11991,CUST-0188,PROD-01,2026-04-26,89.1,USD,Settled
TXN-11992,CUST-0188,PROD-01,2026-05-26,89.1,USD,Settled
TXN-11993,CUST-0188,PROD-01,2026-06-25,89.1,USD,Settled
TXN-11994,CUST-0188,PROD-01,2026-07-25,89.1,USD,Settled
TXN-11995,CUST-0189,PROD-03,2025-02-02,999.0,USD,Settled
TXN-11996,CUST-0189,PROD-03,2025-03-04,999.0,USD,Settled
TXN-11997,CUST-0189,PROD-03,2025-04-03,799.2,USD,Settled
TXN-11998,CUST-0189,PROD-03,2025-05-03,999.0,USD,Settled
TXN-11999,CUST-0189,PROD-03,2025-06-02,899.1,USD,Settled
TXN-12000,CUST-0189,PROD-03,2025-07-02,999.0,USD,Refunded
TXN-12001,CUST-0189,PROD-03,2025-08-01,899.1,USD,Settled
TXN-12002,CUST-0189,PROD-03,2025-08-31,899.1,USD,Settled
TXN-12003,CUST-0189,PROD-03,2025-09-30,999.0,USD,Settled
TXN-12004,CUST-0189,PROD-03,2025-10-30,899.1,USD,Settled
TXN-12005,CUST-0189,PROD-03,2025-11-29,999.0,USD,Settled
TXN-12006,CUST-0189,PROD-03,2025-12-29,799.2,USD,Settled
TXN-12007,CUST-0189,PROD-03,2026-01-28,999.0,USD,Settled
TXN-12008,CUST-0189,PROD-03,2026-02-27,999.0,USD,Settled
TXN-12009,CUST-0189,PROD-03,2026-03-29,799.2,USD,Settled
TXN-12010,CUST-0189,PROD-03,2026-04-28,899.1,USD,Settled
TXN-12011,CUST-0189,PROD-03,2026-05-28,899.1,USD,Settled
TXN-12012,CUST-0189,PROD-03,2026-06-27,899.1,USD,Settled
TXN-12013,CUST-0189,PROD-03,2026-07-27,999.0,USD,Settled
TXN-12014,CUST-0190,PROD-02,2025-08-26,269.1,USD,Settled
TXN-12015,CUST-0190,PROD-02,2025-09-25,269.1,USD,Settled
TXN-12016,CUST-0190,PROD-02,2025-10-25,269.1,USD,Settled
TXN-12017,CUST-0190,PROD-02,2025-11-24,299.0,USD,Settled
TXN-12018,CUST-0190,PROD-02,2025-12-24,269.1,USD,Settled
TXN-12019,CUST-0190,PROD-02,2026-01-23,299.0,USD,Settled
TXN-12020,CUST-0190,PROD-02,2026-02-22,299.0,USD,Settled
TXN-12021,CUST-0190,PROD-02,2026-03-24,299.0,USD,Settled
TXN-12022,CUST-0190,PROD-02,2026-04-23,299.0,USD,Settled
TXN-12023,CUST-0190,PROD-02,2026-05-23,239.2,USD,Settled
TXN-12024,CUST-0190,PROD-02,2026-06-22,269.1,USD,Settled
TXN-12025,CUST-0190,PROD-02,2026-07-22,299.0,USD,Settled
TXN-12026,CUST-0191,PROD-02,2025-04-17,299.0,USD,Settled
TXN-12027,CUST-0191,PROD-02,2025-05-17,299.0,USD,Settled
TXN-12028,CUST-0191,PROD-02,2025-06-16,299.0,USD,Settled
TXN-12029,CUST-0191,PROD-02,2025-07-16,269.1,USD,Settled
TXN-12030,CUST-0191,PROD-02,2025-08-15,269.1,USD,Settled
TXN-12031,CUST-0191,PROD-02,2025-09-14,269.1,USD,Refunded
TXN-12032,CUST-0191,PROD-02,2025-10-14,299.0,USD,Settled
TXN-12033,CUST-0191,PROD-02,2025-11-13,299.0,USD,Settled
TXN-12034,CUST-0191,PROD-02,2025-12-13,299.0,USD,Refunded
TXN-12035,CUST-0191,PROD-02,2026-01-12,299.0,USD,Settled
TXN-12036,CUST-0191,PROD-02,2026-02-11,299.0,USD,Settled
TXN-12037,CUST-0191,PROD-02,2026-03-13,299.0,USD,Settled
TXN-12038,CUST-0191,PROD-02,2026-04-12,299.0,USD,Settled
TXN-12039,CUST-0191,PROD-02,2026-05-12,299.0,USD,Settled
TXN-12040,CUST-0191,PROD-02,2026-06-11,239.2,USD,Settled
TXN-12041,CUST-0191,PROD-02,2026-07-11,299.0,USD,Settled
TXN-12042,CUST-0192,PROD-02,2025-10-21,299.0,USD,Settled
TXN-12043,CUST-0192,PROD-02,2025-11-20,269.1,USD,Settled
TXN-12044,CUST-0192,PROD-02,2025-12-20,299.0,USD,Settled
TXN-12045,CUST-0192,PROD-02,2026-01-19,299.0,USD,Settled
TXN-12046,CUST-0192,PROD-02,2026-02-18,299.0,USD,Settled
TXN-12047,CUST-0192,PROD-02,2026-03-20,299.0,USD,Settled
TXN-12048,CUST-0192,PROD-02,2026-04-19,299.0,USD,Settled
TXN-12049,CUST-0192,PROD-02,2026-05-19,239.2,USD,Settled
TXN-12050,CUST-0192,PROD-02,2026-06-18,299.0,USD,Settled
TXN-12051,CUST-0192,PROD-02,2026-07-18,299.0,USD,Settled
TXN-12052,CUST-0193,PROD-01,2025-04-12,99.0,USD,Settled
TXN-12053,CUST-0193,PROD-01,2025-05-12,99.0,USD,Settled
TXN-12054,CUST-0193,PROD-01,2025-06-11,99.0,USD,Settled
TXN-12055,CUST-0193,PROD-01,2025-07-11,99.0,USD,Settled
TXN-12056,CUST-0193,PROD-01,2025-08-10,99.0,USD,Settled
TXN-12057,CUST-0193,PROD-01,2025-09-09,99.0,USD,Settled
TXN-12058,CUST-0193,PROD-01,2025-10-09,99.0,USD,Settled
TXN-12059,CUST-0193,PROD-01,2025-11-08,89.1,USD,Settled
TXN-12060,CUST-0193,PROD-01,2025-12-08,99.0,USD,Settled
TXN-12061,CUST-0193,PROD-01,2026-01-07,99.0,USD,Failed
TXN-12062,CUST-0193,PROD-01,2026-02-06,99.0,USD,Settled
TXN-12063,CUST-0193,PROD-01,2026-03-08,99.0,USD,Settled
TXN-12064,CUST-0193,PROD-01,2026-04-07,99.0,USD,Settled
TXN-12065,CUST-0193,PROD-01,2026-05-07,99.0,USD,Settled
TXN-12066,CUST-0193,PROD-01,2026-06-06,89.1,USD,Settled
TXN-12067,CUST-0193,PROD-01,2026-07-06,99.0,USD,Settled
TXN-12068,CUST-0194,PROD-02,2026-01-20,269.1,USD,Settled
TXN-12069,CUST-0194,PROD-02,2026-02-19,299.0,USD,Settled
TXN-12070,CUST-0194,PROD-02,2026-03-21,299.0,USD,Settled
TXN-12071,CUST-0194,PROD-02,2026-04-20,269.1,USD,Settled
TXN-12072,CUST-0194,PROD-02,2026-05-20,239.2,USD,Settled
TXN-12073,CUST-0194,PROD-02,2026-06-19,299.0,USD,Settled
TXN-12074,CUST-0194,PROD-02,2026-07-19,299.0,USD,Settled
TXN-12075,CUST-0195,PROD-01,2024-08-30,99.0,USD,Settled
TXN-12076,CUST-0195,PROD-01,2024-09-29,99.0,USD,Refunded
TXN-12077,CUST-0195,PROD-01,2024-10-29,99.0,USD,Settled
TXN-12078,CUST-0195,PROD-01,2024-11-28,99.0,USD,Settled
TXN-12079,CUST-0195,PROD-01,2024-12-28,99.0,USD,Settled
TXN-12080,CUST-0195,PROD-01,2025-01-27,99.0,USD,Refunded
TXN-12081,CUST-0195,PROD-01,2025-02-26,99.0,USD,Settled
TXN-12082,CUST-0195,PROD-01,2025-03-28,99.0,USD,Settled
TXN-12083,CUST-0195,PROD-01,2025-04-27,99.0,USD,Settled
TXN-12084,CUST-0195,PROD-01,2025-05-27,99.0,USD,Refunded
TXN-12085,CUST-0195,PROD-01,2025-06-26,99.0,USD,Settled
TXN-12086,CUST-0195,PROD-01,2025-07-26,89.1,USD,Settled
TXN-12087,CUST-0195,PROD-01,2025-08-25,99.0,USD,Settled
TXN-12088,CUST-0195,PROD-01,2025-09-24,99.0,USD,Settled
TXN-12089,CUST-0195,PROD-01,2025-10-24,99.0,USD,Settled
TXN-12090,CUST-0195,PROD-01,2025-11-23,99.0,USD,Settled
TXN-12091,CUST-0195,PROD-01,2025-12-23,99.0,USD,Settled
TXN-12092,CUST-0195,PROD-01,2026-01-22,99.0,USD,Settled
TXN-12093,CUST-0195,PROD-01,2026-02-21,99.0,USD,Settled
TXN-12094,CUST-0195,PROD-01,2026-03-23,89.1,USD,Settled
TXN-12095,CUST-0195,PROD-01,2026-04-22,99.0,USD,Settled
TXN-12096,CUST-0195,PROD-01,2026-05-22,99.0,USD,Settled
TXN-12097,CUST-0195,PROD-01,2026-06-21,99.0,USD,Settled
TXN-12098,CUST-0195,PROD-01,2026-07-21,99.0,USD,Settled
TXN-12099,CUST-0196,PROD-02,2025-05-23,269.1,USD,Settled
TXN-12100,CUST-0196,PROD-02,2025-06-22,299.0,USD,Settled
TXN-12101,CUST-0196,PROD-02,2025-07-22,299.0,USD,Settled
TXN-12102,CUST-0196,PROD-02,2025-08-21,299.0,USD,Settled
TXN-12103,CUST-0196,PROD-02,2025-09-20,299.0,USD,Settled
TXN-12104,CUST-0196,PROD-02,2025-10-20,299.0,USD,Settled
TXN-12105,CUST-0196,PROD-02,2025-11-19,299.0,USD,Settled
TXN-12106,CUST-0196,PROD-02,2025-12-19,299.0,USD,Settled
TXN-12107,CUST-0196,PROD-02,2026-01-18,299.0,USD,Settled
TXN-12108,CUST-0196,PROD-02,2026-02-17,299.0,USD,Settled
TXN-12109,CUST-0196,PROD-02,2026-03-19,299.0,USD,Settled
TXN-12110,CUST-0196,PROD-02,2026-04-18,239.2,USD,Settled
TXN-12111,CUST-0196,PROD-02,2026-05-18,299.0,USD,Settled
TXN-12112,CUST-0196,PROD-02,2026-06-17,269.1,USD,Settled
TXN-12113,CUST-0196,PROD-02,2026-07-17,299.0,USD,Settled
TXN-12114,CUST-0197,PROD-02,2024-11-03,299.0,USD,Settled
TXN-12115,CUST-0197,PROD-02,2024-12-03,239.2,USD,Settled
TXN-12116,CUST-0197,PROD-02,2025-01-02,299.0,USD,Refunded
TXN-12117,CUST-0197,PROD-02,2025-02-01,299.0,USD,Settled
TXN-12118,CUST-0197,PROD-02,2025-03-03,299.0,USD,Settled
TXN-12119,CUST-0198,PROD-01,2024-10-13,99.0,USD,Settled
TXN-12120,CUST-0198,PROD-01,2024-11-12,89.1,USD,Settled
TXN-12121,CUST-0198,PROD-01,2024-12-12,99.0,USD,Settled
TXN-12122,CUST-0198,PROD-01,2025-01-11,99.0,USD,Settled
TXN-12123,CUST-0198,PROD-01,2025-02-10,99.0,USD,Settled
TXN-12124,CUST-0199,PROD-01,2024-09-24,99.0,USD,Settled
TXN-12125,CUST-0199,PROD-01,2024-10-24,79.2,USD,Settled
TXN-12126,CUST-0199,PROD-01,2024-11-23,99.0,USD,Settled
TXN-12127,CUST-0199,PROD-01,2024-12-23,89.1,USD,Settled
TXN-12128,CUST-0200,PROD-01,2026-01-17,99.0,USD,Settled
TXN-12129,CUST-0200,PROD-01,2026-02-16,89.1,USD,Settled
TXN-12130,CUST-0200,PROD-01,2026-03-18,99.0,USD,Settled
TXN-12131,CUST-0200,PROD-01,2026-04-17,99.0,USD,Settled
TXN-12132,CUST-0200,PROD-01,2026-05-17,99.0,USD,Settled
TXN-12133,CUST-0200,PROD-01,2026-06-16,99.0,USD,Settled
TXN-12134,CUST-0200,PROD-01,2026-07-16,99.0,USD,Settled
